발생일시_년,발생일시_월,발생일시_일,발생일시_시간,발생일시_요일,진화종료시간_년,진화종료시간_월,진화종료시간_일,진화종료시간_시간,발생장소_관서,발생장소_시도,발생장소_시군구,발생장소_읍면,발생장소_동리,발생원인_구분,발생원인_세부원인,발생원인_기타,피해면적_합계
2021,12,30,14:57,목,2021,12,30,17:30,경북,경북,봉화,명호,양곡,건,주택화재비화,,0.5
2021,12,24,15:00,금,2021,12,24,16:23,경북,경북,고령,상림,합가,입,기타(직접입력),입산자실화,0.04
2021,12,24,14:54,금,2021,12,24,16:20,경북,경북,경주,강동,호명,입,기타(직접입력),입산자실화추정,1.0
2021,12,13,21:33,월,2021,12,13,23:40,경북,경북,경주,외동,죽동,기,기타(직접입력),재투기추정,0.1
2021,11,17,15:55,수,2021,11,17,17:15,경북,경북,안동,예안,도목,쓰,쓰레기소각,,0.04
2021,11,16,12:39,화,2021,11,16,16:00,경북,경북,문경,영순,말응,담,담뱃불실화,,0.05
2021,11,7,13:53,일,2021,11,7,15:05,경북,경북,경산,하양,동서,기,방화,,0.06
2021,7,31,14:39,토,2021,7,31,15:50,경북,경북,울진,북,나곡,기,기타(직접입력),원인미상,0.01
2021,7,2,13:32,금,2021,7,2,15:27,경북,경북,포항,북,초곡,기,기타(직접입력),원인미상,0.1
2021,5,27,15:32,목,2021,5,27,18:00,경북,경북,고령,개진,직,건,기타(직접입력),공장화재비화,0.13
2021,5,9,12:10,일,2021,5,9,14:35,경북,경북,고령,대가야,저전,입,기타(직접입력),입산자실화,1.4
2021,4,24,14:30,토,2021,4,24,15:40,경북,경북,봉화,명호,고강,입,기타(직접입력),입산자실화,0.01
2021,4,24,14:17,토,2021,4,24,18:30,남부,경북,청송,현서,무계,기,기타(직접입력),원인미상,0.13
2021,4,24,09:39,토,2021,4,24,11:30,경북,경북,안동,풍산,오미,입,기타(직접입력),입산자실화,0.1
2021,4,23,16:10,금,2021,4,23,17:00,남부,경북,예천,효자,보곡,담,,,2.0
2021,4,22,00:00,목,2021,4,22,03:00,경북,경북,포항,북,신흥,기,기타(직접입력),원인미상,0.1
2021,4,20,18:52,화,2021,4,20,21:15,경북,경북,문경,문경,고요,기,기타(직접입력),용접작업실화,0.03
2021,4,20,11:45,화,2021,4,20,13:30,경북,경북,구미,,선기,쓰,쓰레기소각,,0.2
2021,4,16,16:03,금,2021,4,16,17:50,남부,경북,영양,수비,신암,입,기타(직접입력),입산자실화,0.74
2021,4,14,15:40,수,2021,4,14,17:30,남부,경북,봉화,재산,갈산,입,기타(직접입력),입산자실화,0.5
2021,4,11,20:32,일,2021,4,11,22:05,경북,경북,봉화,명호,양곡,기,기타(직접입력),원인미상,0.03
2021,4,11,10:34,일,2021,4,11,12:10,경북,경북,문경,동로,생달,입,기타(직접입력),입산자실화,0.05
2021,4,11,10:13,일,2021,4,11,17:40,경북,경북,봉화,재산,현동,기,작업장실화,,0.5
2021,4,7,12:33,수,2021,4,7,14:00,경북,경북,영천,고경,칠전,기,성묘객실화,,0.06
2021,4,2,19:19,금,2021,4,2,21:00,경북,경북,영덕,영덕,우곡,입,기타(직접입력),입산자실화,0.15
2021,3,31,12:29,수,2021,3,31,13:30,경북,경북,군위,효령,장군,기,농산폐기물소각,,0.1
2021,3,27,11:28,토,2021,3,27,13:10,경북,경북,울진,금강송,소광,기,농산폐기물소각,,0.1
2021,3,26,19:44,금,2021,3,26,20:40,경북,경북,문경,산북,서중,쓰,쓰레기소각,,0.01
2021,3,26,18:51,금,2021,3,26,19:54,경북,경북,영천,고경,칠전,기,기타(직접입력),아궁이재처리부주의,0.6
2021,3,23,15:32,화,2021,3,23,17:30,경북,경북,영주,,조암,기,작업장실화,,0.2
2021,3,22,12:56,월,2021,3,22,15:00,경북,경북,문경,호계,우로,쓰,쓰레기소각,,0.3
2021,3,19,14:39,금,2021,3,19,15:17,경북,경북,상주,이안,양범,입,기타(직접입력),입산자실화,0.03
2021,2,24,15:26,수,2021,2,24,18:00,경북,경북,고령,덕곡,후암,입,기타(직접입력),입산자실화,0.05
2021,2,24,14:13,수,2021,2,24,14:56,경북,경북,안동,풍산,마애,기,작업장실화,,0.02
2021,2,22,14:07,월,2021,2,22,16:40,경북,경북,상주,화남,중늘,기,기타(직접입력),기계적요인,0.24
2021,2,21,16:05,일,2021,2,22,18:00,경북,경북,예천,감천,유리,기,기타(직접입력),원인미상,112.0
2021,2,21,15:20,일,2021,2,23,07:20,경북,경북,안동,임동,밍천,기,기타(직접입력),원인미상,307.0
2021,2,20,22:52,토,2021,2,20,23:50,경북,경북,의성,단촌,방하,입,기타(직접입력),입산자실화,0.02
2021,2,12,13:40,공,2021,2,12,15:30,경북,경북,의성,의성,오로,기,기타(직접입력),불씨취급부주의,0.1
2021,2,11,13:33,공,2021,2,11,15:04,경북,경북,경주,천북,신당,기,농산폐기물소각,,0.1
2021,2,10,10:50,수,2021,2,10,12:50,경북,경북,영양,영양,삼지,쓰,쓰레기소각,,0.26
2021,2,9,16:10,화,2021,2,9,17:22,경북,경북,영덕,영덕,화개,입,기타(직접입력),입산자실화 추정,0.05
2021,2,9,14:24,화,2021,2,9,16:05,경북,경북,의성,금성,운곡,기,성묘객실화,,0.03
2021,2,8,13:00,월,2021,2,8,14:40,경북,경북,안동,,정상,건,기타(직접입력),비닐하우스화재,0.1
2021,2,8,11:59,월,2021,2,8,13:38,경북,경북,울진,평해,거일,기,작업장실화,,0.08
2021,1,30,10:20,토,2021,1,30,14:00,경북,경북,영양,청기,청기,기,기타(직접입력),자연발화,1.0
2021,1,18,12:33,월,2021,1,18,16:20,경북,경북,경주,양남,서동,입,기타(직접입력),입산자실화,1.5
2021,1,17,14:46,일,2021,1,17,16:50,경북,경북,경산,하양,남하,입,기타(직접입력),입산자실화,0.05
2021,1,16,20:27,토,2021,1,16,22:30,경북,경북,영천,화산,화산,기,기타(직접입력),원인미상,0.4
2021,1,15,23:50,금,2021,1,16,03:30,경북,경북,군위,우보,나호,기,기타(직접입력),원인미상,0.3
2021,1,15,21:02,금,2021,1,15,22:40,경북,경북,영주,충기,삼사,기,기타(직접입력),원인미상,0.1
2021,1,15,10:37,금,2021,1,16,09:30,경북,경북,경주,,하,기,기타(직접입력),원인미상,4.0
2021,1,14,17:30,목,2021,1,14,20:55,경북,경북,영천,신녕,연정,기,기타(직접입력),원인미상,0.2
2021,1,11,19:35,월,2021,1,11,21:40,경북,경북,영덕,영덕,노물,건,기타(직접입력),건축물화재,0.05
2021,1,11,15:59,월,2021,1,11,17:30,경북,경북,경주,,암곡,기,방화,,0.2
2021,1,8,13:33,금,2021,1,8,15:20,경북,경북,성주,초전,소성,입,기타(직접입력),입산자실화,0.2
2021,1,6,06:14,수,2021,1,6,21:00,경북,경북,영덕,창수,오촌,기,방화,,10.24
2021,1,6,01:30,수,2021,1,6,03:30,경북,경북,영덕,창수,삼계,기,방화,,0.28
2021,1,5,11:55,화,2021,1,5,15:45,경북,경북,안동,북후,웅천,기,기타(직접입력),화목보일러 재처리 부주의,0.4
2021,1,3,09:14,일,2021,1,3,14:00,남부,경북,안동,남후,상아,기,작업장실화,,0.2
2020,12,24,17:29,목,2020,12,25,08:10,경북,경북,경주,안강,옥산,기,기타(직접입력),원인미상,3.0
2020,12,24,15:59,목,2020,12,24,17:20,경북,경북,의성,비안,자락,건,주택화재비화,,0.05
2020,12,17,19:41,목,2020,12,18,02:20,경북,경북,울진,울진,읍남,기,기타(직접입력),원인미상,0.73
2020,12,16,16:42,수,2020,12,16,18:10,경북,경북,경주,,용강,입,기타(직접입력),입산자실화 추정,0.1
2020,12,16,14:45,수,2020,12,16,16:31,경북,경북,경주,천북,모아,기,기타(직접입력),원인미상,0.1
2020,12,15,15:35,화,2020,12,15,16:55,경북,경북,포항,남,문덕,기,기타(직접입력),원인미상,0.12
2020,12,6,12:15,일,2020,12,6,13:54,경북,경북,경주,양남,상계,기,기타(직접입력),화목보일러 재투기,0.03
2020,12,4,13:09,금,2020,12,4,15:30,경북,경북,고령,다산,벌지,기,농산폐기물소각,,0.03
2020,11,26,15:02,목,2020,11,26,17:40,경북,경북,상주,화북,상오,담,담뱃불실화,,0.1
2020,11,16,12:40,월,2020,11,16,14:10,경북,경북,구미,장천,묵어,입,기타(직접입력),입산자실화,0.03
2020,11,15,19:19,일,2020,11,15,23:43,경북,경북,안동,임하,천전,입,기타(직접입력),입산자실화,0.75
2020,11,15,18:53,일,2020,11,15,21:00,경북,경북,청송,청송,금곡,건,기타(직접입력),건축물 화재 전이,0.2
2020,11,14,21:36,토,2020,11,15,04:03,경북,경북,영천,신녕,화서,기,기타(직접입력),군부대실화,0.3
2020,11,14,12:29,토,2020,11,14,15:45,경북,경북,영양,입암,산해,입,기타(직접입력),입산자실화,0.38
2020,11,12,11:30,목,2020,11,12,14:07,경북,경북,경주,건천,화천,기,기타(직접입력),전기합선,0.01
2020,11,10,13:23,화,2020,11,10,15:21,경북,경북,안동,예인,귀단,기,농산폐기물소각,,0.1
2020,11,10,06:29,화,2020,11,10,08:20,경북,경북,의성,다인,달제,기,기타(직접입력),원인미상,0.03
2020,11,9,13:20,월,2020,11,9,17:30,경북,경북,예천,보문,작곡,기,기타(직접입력),벌집소각 재처리 부주의,1.05
2020,11,8,12:57,일,2020,11,8,15:50,경북,경북,안동,길안,금곡,기,기타(직접입력),재처리 부주의,0.07
2020,11,6,17:38,금,2020,11,7,02:00,경북,경북,영양,일월,문암,입,기타(직접입력),입산자실화,2.6
2020,10,31,11:57,토,2020,10,31,14:30,경북,경북,안동,풍산,현애,입,기타(직접입력),입산자실화 추정,0.03
2020,10,29,13:40,목,2020,10,29,15:10,경북,경북,경주,,북군,입,기타(직접입력),입산자실화 추정,0.1
2020,10,28,15:21,수,2020,10,28,17:30,경북,경북,의성,의성,오로,기,기타(직접입력),원인미상,0.1
2020,10,24,09:11,토,2020,10,24,10:33,남부,경북,영양,청기,산운,기,기타(직접입력),원인미상,0.62
2020,10,13,07:22,화,2020,10,13,10:02,경북,경북,김천,농소,노곡,입,기타(직접입력),입산자실화 추정,0.01
2020,9,27,12:54,일,2020,9,27,16:50,경북,경북,예천,지보,만화,입,기타(직접입력),인삽자실화,0.15
2020,8,23,19:12,일,2020,8,23,22:50,경북,경북,포항,호미,대동배,기,기타(직접입력),원인미상,0.1
2020,6,7,11:42,일,2020,6,7,14:25,경북,경북,포항,죽장,매현,기,기타(직접입력),회목보일러 불씨 부주의,0.16
2020,6,7,04:50,일,2020,6,7,07:55,경북,경북,칠곡,석적,성곡,기,기타(직접입력),원인미상,0.2
2020,6,5,15:17,금,2020,6,5,16:13,경북,경북,울진,울진,연지,기,기타(직접입력),원인미상,0.05
2020,6,5,14:32,금,2020,6,5,17:00,경북,경북,영주,단산,동원,기,기타(직접입력),원인미상,0.01
2020,6,5,00:07,금,2020,6,5,05:03,경북,경북,포항,북,우목,입,기타(직접입력),입산자실화,0.06
2020,6,4,10:29,목,2020,6,4,11:58,경북,경북,군위,부계,가호,기,기타(직접입력),원인미상,0.02
2020,6,3,11:18,수,2020,6,3,13:30,경북,경북,칠곡,석적,성곡,기,기타(직접입력),원인미상,0.07
2020,6,3,00:51,수,2020,6,3,01:30,경북,경북,포항,북,양덕,담,담뱃불실화,,0.01
2020,6,1,12:46,월,2020,6,1,15:48,경북,경북,영덕,달산,옥산,쓰,쓰레기소각,,0.21
2020,5,31,12:42,일,2020,5,31,13:25,경북,경북,고령,대가야,내곡,쓰,쓰레기소각,,0.01
2020,5,30,14:36,토,2020,5,30,16:20,경북,경북,칠곡,지천,연호,입,기타(직접입력),입산자실화,0.02
2020,5,29,11:42,금,2020,5,29,13:55,경북,경북,울진,북,덕구,기,낙뢰,,0.1
2020,5,13,13:51,수,2020,5,13,14:55,경북,경북,청도,화양,소라,기,농산폐기물소각,,0.1
2020,5,4,13:10,월,2020,5,4,16:40,남부,경북,봉화,소천,남회룡,기,기타(직접입력),원인미상,2.0
2020,5,1,12:30,금,2020,5,1,20:50,경북,경북,울진,울진,신림,쓰,쓰레기소각,,3.77
2020,4,30,18:20,공,2020,4,30,19:25,경북,경북,군위,소보,위성,기,기타(직접입력),원인미상,0.02
2020,4,30,15:47,공,2020,4,30,17:48,경북,경북,안동,풍산,매곡,입,기타(직접입력),입산자실화,0.1
2020,4,24,16:15,금,2020,4,24,18:00,경북,경북,예천,예천,생천,기,기타(직접입력),원인미상,0.16
2020,4,24,15:39,금,2020,4,27,18:00,경북,경북,안동,풍천,인금,입,기타(직접입력),입산자실화 추정,1944.0
2020,4,17,04:37,금,2020,4,17,07:50,경북,경북,군위,군위,광현,기,기타(직접입력),원인미상,0.2
2020,4,16,21:23,목,2020,4,16,23:40,경북,경북,봉화,재산,동면,기,기타(직접입력),원인미상,0.1
2020,4,16,17:27,목,2020,4,16,19:30,경북,경북,청도,청도,살,기,기타(직접입력),원인미상,0.3
2020,4,16,14:05,목,2020,4,16,15:10,경북,경북,경주,서,도계,입,기타(직접입력),입산자실화,0.01
2020,4,15,17:20,공,2020,4,15,19:20,경북,경북,군위,고로,인곡,건,주택화재비화,,0.04
2020,4,14,19:36,화,2020,4,14,20:56,경북,경북,문경,동로,인곡,기,기타(직접입력),영농부산물소각,0.05
2020,4,14,11:12,화,2020,4,14,13:25,경북,경북,안동,풍산,수,기,기타(직접입력),원인미상,0.5
2020,4,9,10:40,목,2020,4,9,13:55,경북,경북,경주,,북군,입,기타(직접입력),입산자실화,0.33
2020,4,9,09:20,목,2020,4,9,10:45,경북,경북,경주,내남,덕천,입,기타(직접입력),입산자실화,0.2
2020,4,9,03:51,목,2020,4,9,06:55,경북,경북,경주,내남,망성,기,방화,,0.1
2020,4,8,13:03,수,2020,4,8,15:10,경북,경북,봉화,춘양,서벽,건,주택화재비화,,0.1
2020,4,8,11:15,수,2020,4,8,18:05,남부,경북,청송,파천,옹점,입,기타(직접입력),입산자실화,48.2
2020,4,7,13:09,화,2020,4,7,14:00,경북,경북,의성,비안,서부,기,기타(직접입력),원인미상,0.01
2020,4,6,14:15,월,2020,4,6,15:20,경북,경북,청도,각북,남산,기,기타(직접입력),전기누전,0.1
2020,4,6,13:58,월,2020,4,6,15:15,경북,경북,문경,산양,반곡,기,기타(직접입력),용접불씨 비화,0.3
2020,4,5,18:40,일,2020,4,5,19:20,경북,경북,영양,석보,지경,쓰,쓰레기소각,,0.1
2020,4,5,15:05,일,2020,4,5,17:00,경북,경북,칠곡,지천,연호,기,기타(직접입력),원인미상,0.02
2020,4,4,17:34,토,2020,4,4,19:10,경북,경북,봉화,물야,압동,기,기타(직접입력),연탄재 처리미숙,0.1
2020,4,4,15:28,토,2020,4,4,17:47,남부,경북,영양,석보,삼의,입,기타(직접입력),입산자실화 추정,1.7
2020,4,3,14:38,금,2020,4,3,15:40,경북,경북,성주,초전,동포,기,기타(직접입력),원인미상,0.2
2020,4,3,14:20,금,2020,4,3,14:55,경북,경북,상주,낙동,구장,입,기타(직접입력),입산자실화,0.01
2020,4,3,10:58,금,2020,4,3,11:23,경북,경북,포항,북,양덕,담,담뱃불실화,,0.03
2020,4,2,11:36,목,2020,4,2,13:26,경북,경북,김천,구성,상원,입,기타(직접입력),입산자실화,0.44
2020,3,25,22:15,수,2020,3,26,01:06,남부,경북,봉화,재산,갈산,기,기타(직접입력),원인미상,0.1
2020,3,25,15:46,수,2020,3,25,17:39,경북,경북,칠곡,석적,중,기,기타(직접입력),원인미상,0.3
2020,3,25,14:03,수,2020,3,25,17:55,경북,경북,안동,도산,문곡,기,기타(직접입력),양봉장 불씨 부주의,13.2
2020,3,25,13:45,수,2020,3,25,16:42,경북,경북,영주,풍기,산법,쓰,쓰레기소각,,1.0
2020,3,24,15:16,화,2020,3,24,16:10,경북,경북,문경,영순,이목,기,농산폐기물소각,,0.1
2020,3,24,15:15,화,2020,3,24,17:30,경북,경북,상주,사벌국,덕담,기,농산폐기물소각,,0.3
2020,3,24,12:23,화,2020,3,24,13:30,경북,경북,안동,서후,광평,기,성묘객실화,,0.05
2020,3,24,08:19,화,2020,3,24,09:00,경북,경북,영양,입암,노달,쓰,쓰레기소각,,0.02
2020,3,23,20:05,월,2020,3,23,22:45,경북,경북,구미,도개,신곡,기,농산폐기물소각,,0.4
2020,3,23,16:53,월,2020,3,23,17:50,남부,경북,경주,,동천,입,기타(직접입력),입산자실화 추정,0.07
2020,3,22,13:14,일,2020,3,22,17:22,경북,경북,안동,풍천,어담,기,농산폐기물소각,,18.3
2020,3,22,12:10,일,2020,3,22,13:40,경북,경북,봉화,춘양,석현,쓰,쓰레기소각,,0.1
2020,3,21,12:05,토,2020,3,21,13:05,경북,경북,상주,내서,노류,쓰,쓰레기소각,,0.1
2020,3,20,15:58,금,2020,3,20,16:53,경북,경북,김천,남,오봉,입,기타(직접입력),입산자실화,0.05
2020,3,20,09:59,금,2020,3,20,10:51,경북,경북,영주,단산,동원,건,주택화재비화,,0.02
2020,3,19,18:10,목,2020,3,19,22:15,남부,경북,청도,운문,신원,담,,,0.5
2020,3,19,13:16,목,2020,3,19,14:50,경북,경북,의성,안평,마전,쓰,쓰레기소각,,0.2
2020,3,19,12:13,목,2020,3,19,13:20,경북,경북,예천,예천,상동,담,기타(직접입력),,0.14
2020,3,18,11:06,수,2020,3,18,12:26,경북,경북,안동,북후,장기,건,기타(직접입력),아궁이 재투기,0.03
2020,3,17,12:11,화,2020,3,17,12:59,경북,경북,경주,강동,다산,입,기타(직접입력),입산자실화,0.03
2020,3,15,15:15,일,2020,3,15,17:05,경북,경북,청도,대전,용산,기,기타(직접입력),원인미상,0.2
2020,3,14,15:02,토,2020,3,14,16:15,경북,경북,의성,안평,대사,기,농산폐기물소각,,0.2
2020,3,14,13:10,토,2020,3,14,16:59,경북,경북,고령,성산,기족,기,기타(직접입력),그라인드 작업중 불씨부주의,0.27
2020,3,8,15:34,일,2020,3,8,16:25,경북,경북,안동,서후,명,쓰,쓰레기소각,,0.01
2020,3,6,14:34,금,2020,3,6,15:35,경북,경북,영덕,영덕,매정,쓰,쓰레기소각,,0.01
2020,3,6,13:08,금,2020,3,6,14:20,경북,경북,안동,남후,고상,기,기타(직접입력),차량화재 비화,0.02
2020,3,5,13:31,목,2020,3,5,16:00,경북,경북,예천,호명,본포,기,농산폐기물소각,,1.35
2020,2,23,09:43,일,2020,2,23,13:40,경북,경북,봉화,소천,서천,건,기타(직접입력),보일러 불씨 부주의,0.1
2020,2,19,19:27,수,2020,2,19,20:30,경북,경북,구미,진평,,기,기타(직접입력),원인미상,0.01
2020,2,15,13:37,토,2020,2,15,14:28,남부,경북,포항,홍해,홍안,입,기타(직접입력),입산자실화,0.18
2020,2,11,22:37,화,2020,2,11,23:46,경북,경북,군위,의흥,지호,기,기타(직접입력),원인미상,0.15
2020,2,11,11:34,화,2020,2,11,14:30,경북,경북,안동,일직,운산,담,담뱃불실화,,0.08
2020,2,9,20:49,일,2020,2,9,22:13,경북,경북,청송,안덕,신성,건,기타(직접입력),건축물실화,0.01
2020,2,1,18:14,토,2020,2,1,19:03,경북,경북,봉화,재산,갈산,기,기타(직접입력),전기합선,0.02
2020,2,1,15:23,토,2020,2,1,16:53,경북,경북,봉화,물야,개단,기,기타(직접입력),산업현장실화,0.1
2020,1,27,11:15,공,2020,1,27,11:55,경북,경북,문경,동로,인곡,기,기타(직접입력),원인미상,0.06
2020,1,22,14:16,수,2020,1,22,16:10,경북,경북,봉화,명호,북곡,건,기타(직접입력),건축물화재,0.01
2019,12,22,15:38,공,2019,12,22,17:00,경북,경북,문경,영순,말용,입,기타(직접입력),입산자실화(추정),0.12
2019,12,13,11:50,금,2019,12,13,13:08,경북,경북,김천,대덕,종산,건,기타(직접입력),농기계 수리중 폭발,0.1
2019,12,7,14:44,토,2019,12,7,16:10,경북,경북,칠곡,가산,천평,건,기타(직접입력),공장화재 비화,0.02
2019,11,30,13:43,공,2019,11,30,15:40,경북,경북,안동,녹전,신평,쓰,쓰레기소각,,0.05
2019,11,12,15:08,화,2019,11,12,17:27,경북,경북,안동,도산,가송,기,기타(직접입력),원인미상,0.1
2019,10,30,12:58,수,2019,10,30,15:30,경북,경북,고령,쌍림,월막,기,기타(직접입력),조사중,0.03
2019,10,27,14:08,일,2019,10,27,15:55,경북,경북,군위,우보,문덕,기,기타(직접입력),원인미상(조사중),0.1
2019,10,11,11:55,금,2019,10,11,13:30,경북,경북,영덕,강구,상직,쓰,쓰레기소각,,0.05
2019,6,12,15:23,수,2019,6,12,16:28,경북,경북,경산,진량,평사,입,입산자 실화추정,,0.01
2019,6,6,13:32,목,2019,6,6,15:39,경북,경북,경산,진량,아사,쓰,쓰레기 소각,,0.03
2019,6,6,12:15,목,2019,6,6,14:50,경북,경북,경주,안강,강교,기,농산폐기물 소각,,0.76
2019,6,5,17:00,수,2019,6,5,20:00,경북,경북,경주,외동,제내,입,입산자 실화추정,,0.18
2019,6,5,12:10,수,2019,6,5,15:26,경북,경북,군위,우보,달신,기,원인미상,,0.5
2019,6,3,19:21,월,2019,6,3,21:30,경북,경북,봉화,춘양,도심,건,목조주택화재 산불전이,,0.01
2019,5,31,02:50,금,2019,5,31,05:20,경북,경북,경주,감포,전동,쓰,쓰레기적치장 소각 중 전이추정,,1.07
2019,5,30,18:45,목,2019,5,30,21:00,남부,경북,영주,봉현,두산,입,기타(직접입력),입산자 실화 추정,0.01
2019,5,26,17:46,일,2019,5,27,06:35,경북,경북,안동,녹전,사천,기,묘지근처 개미굴 소각,,4.7
2019,5,25,16:45,토,2019,5,25,19:00,경북,경북,영주,단산,동원,입,입산자 실화추정,,0.2
2019,5,23,10:05,목,2019,5,23,12:30,경북,경북,봉화,춘양,소로,쓰,쓰레기 소각추정,,0.1
2019,5,21,11:28,화,2019,5,21,12:24,경북,경북,포항,송라,대전,입,입산자 실화,,0.01
2019,5,17,23:14,금,2019,5,18,00:15,경북,경북,안동,북후,물한,입,입산자 실화추정,,0.03
2019,5,15,11:20,수,2019,5,15,16:00,경북,경북,고령,성산,어곡,입,산나물 채취자 실화추정,,0.2
2019,5,14,08:30,화,2019,5,14,09:53,경북,경북,포항,송라,하송,입,입산자 실화추정,,0.01
2019,5,13,20:40,월,2019,5,13,23:26,경북,경북,상주,외서,가곡,입,입산자 실화추정,,0.3
2019,5,12,11:43,일,2019,5,12,12:51,경북,경북,경산,용성,매남,입,입산자 실화추정,,0.01
2019,5,11,22:24,토,2019,5,12,02:45,경북,경북,청송,안덕,지소,입,입산자 실화추정,,0.1
2019,5,11,13:08,토,2019,5,11,13:45,경북,경북,상주,모동,반계,입,입산자 실화추정,,0.01
2019,5,11,09:35,토,2019,5,11,11:00,경북,경북,청송,안덕,문거,입,입산자 실화,,0.01
2019,5,10,23:55,금,2019,5,11,07:30,남부,경북,영주,봉현,두산,입,입산자 담뱃불 실화추정,,0.1
2019,5,9,19:11,목,2019,5,9,20:40,남부,경북,영양,수비,신암,입,기타(직접입력),입산자실화 추정,0.02
2019,5,3,11:00,금,2019,5,3,12:00,경북,경북,경주,외동,모화,입,입산자 실화추정,,0.01
2019,4,23,08:53,화,2019,4,23,09:50,경북,경북,문경,산양,존도,기,원인미상,,0.01
2019,4,21,11:31,일,2019,4,22,02:00,남부,경북,울진,매화,갈면,입,입산자 실화추정,,2.53
2019,4,20,12:07,토,2019,4,20,12:55,경북,경북,문경,산양,존도,기,원인미상,,0.01
2019,4,18,13:51,목,2019,4,18,14:48,경북,경북,상주,화남,중눌,기,농산부산물 소각,,0.1
2019,4,18,10:53,목,2019,4,18,13:43,경북,경북,포항,대송,홍계,기,원인미상,,0.1
2019,4,17,13:17,수,2019,4,17,16:20,경북,경북,청도,매전,관하,쓰,잡풀소각,,0.1
2019,4,15,22:15,월,2019,4,16,06:10,경북,경북,경주,외동,제내,건,공장화재 전이,,1.2
2019,4,15,17:10,월,2019,4,15,18:28,경북,경북,안동,임동,위,기,원인미상,,0.15
2019,4,15,10:55,월,2019,4,15,11:40,경북,경북,경산,와촌,소월,입,입산자 실화추정,,0.01
2019,4,7,16:30,일,2019,4,7,19:30,경북,경북,예천,유천,광전,기,성묘객 실화,,1.0
2019,4,7,06:21,일,2019,4,7,08:40,경북,경북,경주,외동,녹동,입,입산자 실화추정,,1.02
2019,4,6,17:14,토,2019,4,6,18:20,경북,경북,문경,마성,정,기,성묘객 실화추정,,0.01
2019,4,6,14:57,토,2019,4,6,15:55,경북,경북,상주,사벌,삼덕,기,밭두렁 소각,,0.1
2019,4,6,13:45,토,2019,4,6,17:40,경북,경북,영천,신녕,치산,입,입산자 실화추정,,0.5
2019,4,6,13:29,토,2019,4,6,14:32,경북,경북,포항,흥해,남송,입,입산자 실화추정,,0.01
2019,4,6,13:27,토,2019,4,6,22:00,경북,경북,영천,자양,신방,기,성묘객 실화,,2.0
2019,4,6,12:09,토,2019,4,6,13:00,경북,경북,영천,화산,화산,기,성묘객 실화,,0.1
2019,4,5,15:15,금,2019,4,5,16:20,경북,경북,영천,북안,용계,기,성묘객 담뱃불 실화,,0.1
2019,4,5,09:24,금,2019,4,5,11:45,경북,경북,포항,북,창포,입,입산자 실화추정,,0.16
2019,4,5,02:50,금,2019,4,5,12:00,경북,경북,포항,대송,대각,기,장동리 산불 불씨 비화,,3.6
2019,4,4,14:33,목,2019,4,4,17:50,경북,경북,포항,북,두호,입,입산자 실화추정,,0.21
2019,4,4,14:31,목,2019,4,4,15:24,경북,경북,의성,안계,봉양,기,원인미상,,0.01
2019,4,4,12:31,목,2019,4,4,17:30,남부,경북,봉화,춘양,도심,입,입산자 담뱃불 실화,,4.0
2019,4,3,19:52,수,2019,4,4,08:00,경북,경북,포항,대송,장동,입,입산자 실화추정,,9.6
2019,4,3,15:08,수,2019,4,3,16:05,경북,경북,구미,산동,인덕,건,주택화재 전이,,0.1
2019,4,3,10:40,수,2019,4,3,11:24,경북,경북,구미,선산,내고,기,밭두렁 소각추정,,0.3
2019,4,2,17:17,화,2019,4,2,18:50,경북,경북,울진,금강송,왕피,건,주택화재,,0.15
2019,4,2,12:09,화,2019,4,2,12:35,경북,경북,울진,매화,금매,기,원인미상,,0.04
2019,3,31,16:54,일,2019,3,31,18:03,경북,경북,포항,대송,남성,기,벌통 소독,,0.02
2019,3,29,16:23,금,2019,3,29,18:35,경북,경북,예천,보문,작곡,쓰,생활폐기물 소각,,1.0
2019,3,29,14:59,금,2019,3,30,04:00,경북,경북,의성,가음,현리,기,성묘객 실화,,18.44
2019,3,27,17:47,수,2019,3,28,13:40,경북,경북,구미,고아,대망,기,농산폐기물 소각,,22.0
2019,3,27,13:59,수,2019,3,27,17:00,경북,경북,고령,운수,팔산,기,고물상 화재 전이,,0.7
2019,3,27,13:17,수,2019,3,27,15:50,경북,경북,예천,효자,고항,기,농산폐기물 소각 추정,,1.0
2019,3,27,13:03,수,2019,3,27,16:55,경북,경북,안동,임하,천전,쓰,쓰레기 소각,,0.3
2019,3,27,12:40,수,2019,3,27,14:45,경북,경북,칠곡,기산,평복,쓰,쓰레기 소각추정,,0.1
2019,3,26,14:45,화,2019,3,26,16:20,경북,경북,의성,사곡,매곡,입,입산자 실화추정,,0.05
2019,3,26,14:24,화,2019,3,26,16:28,경북,경북,의성,다인,봉정,기,농산폐기물 소각,,0.2
2019,3,23,14:49,토,2019,3,23,16:30,경북,경북,안동,북후,석탑,쓰,쓰레기 소각추정,,0.1
2019,3,22,14:55,금,2019,3,22,16:20,경북,경북,구미,인의,,입,입산자 실화추정,,0.2
2019,3,20,18:39,수,2019,3,20,20:50,경북,경북,울진,금강송,쌍전,기,농산부산물 소각,,0.07
2019,3,19,14:39,화,2019,3,19,15:50,경북,경북,문경,공평,,쓰,쓰레기 소각,,0.06
2019,3,19,10:58,화,2019,3,19,13:40,경북,경북,문경,가은,원북,쓰,쓰레기 소각,,3.0
2019,3,17,12:53,일,2019,3,17,13:39,경북,경북,포항,청하,소등,쓰,쓰레기 소각,,0.02
2019,3,15,08:00,금,2019,3,15,11:10,남부,경북,칠곡,동명,득명,입,입산자 실화,,0.24
2019,3,14,17:32,목,2019,3,14,18:21,경북,경북,울진,평해,삼달,기,원인미상,,0.04
2019,3,14,14:46,목,2019,3,14,15:20,경북,경북,문경,농암,지동,기,농산폐기물 소각,,0.06
2019,3,14,11:58,목,2019,3,14,12:50,경북,경북,문경,동로,수평,기,농산폐기물 소각,,0.3
2019,3,9,10:50,토,2019,3,9,12:20,경북,경북,경주,양남,환서,기,농산폐기물 소각,,0.89
2019,3,8,12:05,금,2019,3,8,13:00,경북,경북,상주,화동,신촌,기,농산부산물 소각,,0.03
2019,3,7,12:50,목,2019,3,7,14:50,남부,경북,봉화,물야,개단,기,작업장 실화,,0.06
2019,3,5,14:11,화,2019,3,5,14:50,경북,경북,문경,모전,,담,담뱃불 실화추정,,0.01
2019,3,3,11:10,일,2019,3,3,15:30,경북,경북,울릉,서,남서,담,담뱃불 실화,,0.1
2019,3,3,10:28,일,2019,3,3,11:15,경북,경북,영천,임고,효,기,밭두렁 소각,,0.03
2019,3,1,13:45,금,2019,3,1,14:00,경북,경북,경주,구정,,담,담뱃불 실화추정,,0.1
2019,3,1,13:05,금,2019,3,1,17:50,경북,경북,성주,용암,사곡,기,자연발화(폐기물 더미 속 발화),,1.2
2019,2,24,14:15,일,2019,2,24,16:00,경북,경북,칠곡,약목,남계,입,입산자 실화추정,,0.01
2019,2,23,13:37,토,2019,2,23,14:10,경북,경북,상주,공성,산현,기,화덕 불씨 전이,,0.05
2019,2,18,17:40,월,2019,2,18,18:50,경북,경북,경주,현곡,래태,담,담뱃불 실화,,0.03
2019,2,18,16:49,월,2019,2,18,18:13,경북,경북,봉화,춘양,석현,쓰,잡풀 소각,,0.1
2019,2,18,09:32,월,2019,2,18,11:53,경북,경북,울진,근남,구산,건,주택화재 비화,,0.46
2019,2,18,04:00,월,2019,2,18,08:39,경북,경북,고령,개진,반운,건,공장화재,,0.3
2019,2,17,21:28,일,2019,2,17,22:54,경북,경북,포항,북,환호,입,입산자 실화추정,,0.01
2019,2,17,12:28,일,2019,2,17,15:00,경북,경북,안동,북후,물한,건,건축물 화재 비화,,0.15
2019,2,16,01:34,토,2019,2,16,08:35,경북,경북,영덕,영해,괴시,기,입산자 방화(등상중 부상 구조요청 목적),,0.5
2019,2,15,16:55,금,2019,2,15,18:50,남부,경북,경산,용성,곡란,건,꿩사육 대부지 내 관리사 화재 비화,,0.02
2019,2,9,16:36,토,2019,2,9,17:43,경북,경북,포항,기북,율산,입,입산자 실화추정,,0.02
2019,2,9,12:25,토,2019,2,9,13:45,경북,경북,구미,황상,,입,입산자 실화추정,,0.2
2019,2,9,09:20,토,2019,2,9,11:05,경북,경북,영천,고경,대의,건,공장화재 산불전이,,0.1
2019,2,8,14:53,금,2019,2,8,15:49,경북,경북,예천,감천,진평,기,농산폐기물 소각,,0.03
2019,2,2,12:23,토,2019,2,2,12:55,경북,경북,문경,우지,,담,담뱃불 실화추정,,0.05
2019,1,31,04:26,목,2019,1,31,07:12,경북,경북,군위,산성,화본,기,무속기도용 향불로 인한 발화,,0.3
2019,1,29,19:37,화,2019,1,30,14:40,경북,경북,영덕,남정,봉전,입,입산자 실화추정,,1.5
2019,1,29,14:03,화,2019,1,29,20:00,경북,경북,고령,개진,구곡,입,입산자 실화추정,,0.8
2019,1,27,15:09,일,2019,1,27,16:24,경북,경북,군위,군위,상곡,쓰,쓰레기 소각,,0.1
2019,1,26,02:57,토,2019,1,26,09:00,경북,경북,칠곡,동명,송산,기,원인미상,,0.2
2019,1,24,14:28,목,2019,1,24,15:24,경북,경북,포항,흥해,양백,입,입산자 실화추정,,0.06
2019,1,24,06:16,목,2019,1,24,08:30,경북,경북,의성,다인,봉정,기,원인미상,,0.5
2019,1,19,12:19,토,2019,1,19,14:50,경북,경북,영양,일월,도곡,기,논밭두렁 소각,,0.4
2019,1,10,14:20,목,2019,1,10,17:15,경북,경북,봉화,법전,어지,기,연탄재 투기,,0.1
2019,1,9,13:35,수,2019,1,9,16:15,경북,경북,영주,이산,신천,입,입산자 실화추정,,0.03
2019,1,9,05:07,수,2019,1,9,07:41,경북,경북,포항,북,두호,기,방화,,0.1
2019,1,8,15:05,화,2019,1,8,16:55,경북,경북,울진,울진,대흥,기,화목보일러 재 투기,,0.2
2019,1,7,06:20,월,2019,1,7,07:30,경북,경북,영덕,병곡,영,건,건축물화재,,0.1
2019,1,7,05:33,월,2019,1,7,05:50,경북,경북,포항,북,장성,기,방화,,0.01
2019,1,6,12:15,일,2019,1,6,14:00,경북,경북,예천,감천,진평,기,화목보일러 재 투기,,0.25
2019,1,4,18:56,금,2019,1,4,23:00,경북,경북,군위,산성,백학,기,기도용 촛불,,1.5
2019,1,3,13:50,목,2019,1,3,16:30,경북,경북,영양,수비,수하,쓰,쓰레기 소각,,0.5
2019,1,2,23:23,수,2019,1,3,00:20,경북,경북,울진,후포,후포,기,원인미상,,0.01
2019,1,1,12:38,화,2019,1,1,13:33,경북,경북,영천,녹전,,입,입산자 실화추정,,0.04
2018,12,30,11:48,일,2018,12,30,12:58,경북,경북,상주,외서,가곡,기,농산폐기물소각,,0.01
2018,12,28,13:12,금,2018,12,28,15:30,경북,경북,안동,북후,신전,건,주택화재비화,,0.07
2018,12,21,13:17,금,2018,12,21,13:48,경북,경북,포항,북,양덕,기,기타(직접입력),조사중,0.01
2018,11,29,14:50,목,2018,11,29,16:13,경북,경북,영천,화남,귀호,쓰,쓰레기소각,,0.1
2018,10,20,16:50,토,2018,10,20,19:36,경북,경북,상주,화동,반곡,기,기타(직접입력),원인미상,0.1
2018,10,18,11:47,목,2018,10,18,15:40,경북,경북,고령,쌍림,신곡,입,기타(직접입력),입산자 실화추정,0.1
2018,10,2,11:45,화,2018,10,2,13:40,경북,경북,성주,벽진,봉학,입,기타(직접입력),입산자 실화추정,0.01
2018,9,30,15:00,일,2018,9,30,17:30,경북,경북,상주,외서,대전,입,기타(직접입력),입산자 실화추정(조사중),0.01
2018,8,18,11:04,토,2018,8,18,14:00,경북,경북,상주,화북,장암,입,기타(직접입력),입산자 실화추정,0.01
2018,8,15,12:30,수,2018,8,16,09:00,경북,경북,군위,우보,두북,기,농산폐기물소각,,31.9
2018,8,9,16:30,목,2018,8,9,18:50,남부,경북,상주,이안,안용,입,기타(직접입력),입산자 실화추정,0.15
2018,8,5,13:48,일,2018,8,5,15:00,경북,경북,영양,입암,병옥,기,기타(직접입력),고추씨 발효 자연발화추정,0.01
2018,8,5,10:46,일,2018,8,5,14:10,경북,경북,의성,단촌,상화,쓰,쓰레기소각,,0.3
2018,8,4,16:40,토,2018,8,4,18:32,경북,경북,의성,춘산,빙계,입,기타(직접입력),입산자 실화추정,0.05
2018,7,31,11:20,화,2018,7,31,13:30,경북,경북,청송,진보,이촌,입,기타(직접입력),입산자 실화추정,0.05
2018,7,29,15:15,일,2018,7,29,16:40,경북,경북,김천,감문,대양,기,농산폐기물소각,,0.06
2018,7,29,10:15,일,2018,7,29,15:00,경북,경북,고령,개진,양전,기,기타(직접입력),원인미상,1.5
2018,7,24,16:46,화,2018,7,24,18:30,경북,경북,영양,청기,행화,기,기타(직접입력),조사중,0.01
2018,6,26,10:31,화,2018,6,26,11:20,경북,경북,포항,흥해,흥안,기,농산폐기물소각,,0.02
2018,6,25,15:43,월,2018,6,25,17:44,경북,경북,고령,덕곡,노,기,무속행위,,0.06
2018,6,24,15:51,일,2018,6,24,16:30,경북,경북,포항,흥해,죽천,기,기타(직접입력),조사중,0.01
2018,6,24,14:30,일,2018,6,24,22:00,경북,경북,경주,서,천촌,입,기타(직접입력),낚시꾼 실화추정,3.0
2018,6,23,14:55,토,2018,6,23,17:20,경북,경북,안동,도산,온혜,쓰,쓰레기소각,,0.07
2018,6,23,13:14,토,2018,6,23,15:08,경북,경북,김천,조마,신왕,기,농산폐기물소각,,0.3
2018,6,23,11:50,토,2018,6,23,15:50,경북,경북,칠곡,왜관,금산,입,기타(직접입력),입산자 실화추정,0.02
2018,6,22,14:00,금,2018,6,22,16:05,경북,경북,구미,광평,,기,기타(직접입력),원인미상,0.05
2018,6,21,14:49,목,2018,6,21,16:05,경북,경북,포항,흥해,죽천,입,기타(직접입력),입산자 담뱃불 추정,0.02
2018,6,21,11:59,목,2018,6,21,14:00,경북,경북,칠곡,약목,남계,쓰,쓰레기소각,,0.01
2018,6,18,13:20,월,2018,6,18,14:45,경북,경북,안동,일직,조탑,기,기타(직접입력),원인미상,0.03
2018,6,3,14:05,일,2018,6,3,15:45,경북,경북,경주,감포,노동,입,기타(직접입력),입산자 실화추정,0.1
2018,5,22,10:41,화,2018,5,22,14:00,경북,경북,청송,청송,송생,입,기타(직접입력),입산자 실화,0.2
2018,5,1,15:42,화,2018,5,1,20:30,경북,경북,고령,운수,팔산,입,기타(직접입력),입산자 실화추정,0.73
2018,4,29,15:29,일,2018,4,29,16:42,경북,경북,상주,화동,선교,입,산나물채취객실화,,0.1
2018,4,28,13:52,토,2018,4,28,15:50,경북,경북,안동,일직,용각,기,기타(직접입력),폐가 전기누전 추정,0.1
2018,4,22,11:03,일,2018,4,22,12:40,경북,경북,안동,임동,마,기,논밭두렁소각,,0.02
2018,4,21,16:37,토,2018,4,21,18:30,경북,경북,경산,진량,평사,기,기타(직접입력),원인미상,0.1
2018,4,21,14:23,토,2018,4,21,15:40,경북,경북,문경,동로,간송,입,산나물채취객실화,,0.5
2018,4,21,11:13,토,2018,4,21,12:00,경북,경북,상주,은척,두곡,입,산나물채취객실화,,0.01
2018,4,20,13:56,금,2018,4,20,14:46,경북,경북,상주,청리,하초,기,농산폐기물소각,,0.01
2018,4,20,12:50,금,2018,4,20,13:44,경북,경북,포항,흥해,초곡,입,기타(직접입력),입산자 실화,0.01
2018,4,19,15:58,목,2018,4,19,16:54,경북,경북,상주,함창,나한,기,농산폐기물소각,,0.1
2018,4,19,14:51,목,2018,4,19,15:58,경북,경북,성주,가천,마수,기,작업장실화,,0.1
2018,4,19,12:00,목,2018,4,19,16:56,경북,경북,영주,단산,단곡,기,논밭두렁소각,,0.7
2018,4,19,11:42,목,2018,4,19,12:30,경북,경북,영천,청통,보성,기,농산폐기물소각,,0.2
2018,4,18,15:17,수,2018,4,18,17:00,남부,경북,영양,수비,신암,기,기타(직접입력),전기 합선,0.01
2018,4,17,12:50,화,2018,4,17,13:50,경북,경북,경주,강동,안계,입,기타(직접입력),입산자 실화추정,0.02
2018,4,16,15:55,월,2018,4,16,16:50,경북,경북,봉화,봉화,거촌,기,농산폐기물소각,,0.01
2018,4,13,10:35,금,2018,4,13,11:50,경북,경북,의성,옥산,실업,입,기타(직접입력),입산자 실화추정(조사중),0.01
2018,4,12,14:58,목,2018,4,12,17:40,경북,경북,청도,화양,유등,기,작업장실화,,0.1
2018,4,12,14:15,목,2018,4,13,15:20,경북,경북,군위,우보,선곡,입,기타(직접입력),입산자 실화추정,0.3
2018,4,9,11:48,월,2018,4,9,12:55,경북,경북,안동,길안,대곡,기,논밭두렁소각,,0.01
2018,4,3,18:37,화,2018,4,4,01:11,경북,경북,울진,기성,망양,기,기타(직접입력),원인미상(조사중),2.0
2018,4,3,13:45,화,2018,4,3,22:30,경북,경북,고령,개진,구곡,쓰,쓰레기소각,,16.1
2018,4,3,13:14,화,2018,4,3,15:05,경북,경북,봉화,상운,토일,기,성묘객실화,,0.5
2018,4,1,16:56,일,2018,4,1,18:15,경북,경북,군위,고로,석산,기,농산폐기물소각,,0.2
2018,3,31,12:25,토,2018,3,31,14:05,경북,경북,울진,기성,황보,기,기타(직접입력),원인미상(조사중),0.2
2018,3,30,15:13,금,2018,3,30,15:55,경북,경북,상주,내서,노류,담,담뱃불실화,,0.01
2018,3,29,11:45,목,2018,3,29,13:10,경북,경북,포항,신광,토성,쓰,쓰레기소각,,0.2
2018,3,28,12:36,수,2018,3,28,14:40,남부,경북,영양,청기,행화,기,기타(직접입력),야외 아궁이 불씨 비산화,12.4
2018,3,28,10:25,수,2018,3,28,11:30,경북,경북,경주,강동,단구,기,논밭두렁소각,,0.4
2018,3,27,23:47,화,2018,3,28,01:05,경북,경북,봉화,물야,오전,기,기타(직접입력),원인미상(조사중),0.1
2018,3,27,11:58,화,2018,3,27,12:58,경북,경북,영천,대전,,기,논밭두렁소각,,0.01
2018,3,26,16:34,월,2018,3,26,17:28,경북,경북,봉화,재산,현동,기,기타(직접입력),원인미상(조사중),0.1
2018,3,26,14:11,월,2018,3,26,15:25,남부,경북,경주,강동,국당,기,작업장실화,,0.16
2018,3,26,11:35,월,2018,3,26,13:10,경북,경북,경주,내남,망성,기,농산폐기물소각,,1.2
2018,3,24,14:15,토,2018,3,24,14:50,경북,경북,경산,와촌,상암,쓰,기타(직접입력),낙엽소각,0.06
2018,3,14,14:40,수,2018,3,14,15:50,경북,경북,상주,이안,문창,쓰,쓰레기소각,,0.1
2018,3,14,12:24,수,2018,3,14,15:40,경북,경북,김천,개령,양천,기,농산폐기물소각,,2.5
2018,3,13,14:15,화,2018,3,13,16:35,경북,경북,경주,안강,두류,기,농산폐기물소각,,1.4
2018,3,12,14:30,월,2018,3,12,16:00,경북,경북,안동,북후,두산,기,기타(직접입력),원인미상(조사중),0.02
2018,2,26,17:40,월,2018,2,26,18:40,경북,경북,의성,점곡,서변,기,농산폐기물소각,,0.02
2018,2,26,13:08,월,2018,2,26,14:20,경북,경북,상주,외서,관현,쓰,쓰레기소각,,0.05
2018,2,26,12:05,월,2018,2,26,13:40,경북,경북,청도,각남,칠성,기,성묘객실화,,0.02
2018,2,22,16:02,목,2018,2,22,19:20,경북,경북,청도,운문,마일,쓰,쓰레기소각,,0.13
2018,2,22,10:40,목,2018,2,22,13:30,경북,경북,영양,청기,정족,건,주택화재비화,,0.2
2018,2,21,10:20,수,2018,2,21,11:15,경북,경북,경주,안강,근계,입,기타(직접입력),입산자 실화,0.01
2018,2,21,04:55,수,2018,2,21,12:00,경북,경북,청도,청도,평양,입,기타(직접입력),입산자 실화추정,0.1
2018,2,19,14:35,월,2018,2,19,17:00,경북,경북,봉화,물야,개단,기,작업장실화,,0.1
2018,2,19,12:49,월,2018,2,19,14:20,경북,경북,영천,화남,월곡,쓰,쓰레기소각,,0.2
2018,2,17,21:00,토,2018,2,17,22:20,경북,경북,경주,도지,,입,기타(직접입력),입산자 실화추정,0.04
2018,2,17,14:20,토,2018,2,17,23:00,경북,경북,영덕,창수,오촌,기,기타(직접입력),원인미상(조사중),7.0
2018,2,17,11:30,토,2018,2,17,15:30,경북,경북,영천,화산,효정,기,기타(직접입력),원인미상,1.0
2018,2,17,11:18,토,2018,2,17,13:05,경북,경북,영주,순흥,읍내,기,농산폐기물소각,,0.05
2018,2,16,18:59,금,2018,2,16,20:01,경북,경북,칠곡,가산,천평,기,기타(직접입력),원인미상(조사중),0.01
2018,2,16,14:08,금,2018,2,16,16:30,경북,경북,예천,용문,직,기,성묘객실화,,0.81
2018,2,15,15:07,목,2018,2,15,17:10,경북,경북,안동,서후,이송천,기,기타(직접입력),원인미상(조사중),0.2
2018,2,12,15:19,월,2018,2,12,15:53,경북,경북,울진,북,고목,기,기타(직접입력),원인미상(조사중(,0.01
2018,2,11,14:54,일,2018,2,11,17:20,경북,경북,칠곡,기산,각산,쓰,쓰레기소각,,0.5
2018,2,11,14:30,일,2018,2,11,16:32,경북,경북,영천,고경,청정,건,기타(직접입력),건축물 화재비화,1.0
2018,2,10,07:20,토,2018,2,10,15:25,경북,경북,영덕,창수,인량,기,기타(직접입력),원인미상,13.0
2018,2,9,19:38,금,2018,2,9,20:45,경북,경북,포항,신광,냉수,기,기타(직접입력),원인미상(조사중),0.06
2018,2,6,13:40,화,2018,2,6,15:07,경북,경북,영양,일월,주곡,기,기타(직접입력),화목보일러 재 투기,0.2
2018,2,5,15:45,월,2018,2,5,16:35,경북,경북,포항,죽장,하사,건,주택화재비화,,0.01
2018,2,3,13:22,토,2018,2,3,14:30,경북,경북,문경,호계,구산,기,작업장실화,,0.09
2018,2,1,14:35,목,2018,2,1,15:51,경북,경북,김천,구성,미평,입,기타(직접입력),입산자 실화추정,0.03
2018,2,1,06:12,목,2018,2,1,08:50,경북,경북,영천,화남,죽곡,건,기타(직접입력),건축물실화(공장화재),0.2
2018,1,30,14:00,화,2018,1,30,17:30,경북,경북,영주,풍기,산법,담,기타(직접입력),담뱃불 실화,1.0
2018,1,29,16:50,월,2018,1,29,17:50,경북,경북,의성,봉양,장대,기,기타(직접입력),아궁이 불씨번짐,0.02
2018,1,14,12:30,일,2018,1,14,13:54,경북,경북,칠곡,동명,금암,쓰,쓰레기소각,,0.1
2018,1,3,14:15,수,2018,1,3,16:30,경북,경북,예천,예천,우계,담,담뱃불실화,,0.89
2017,12,28,06:40,목,2017,12,28,09:50,경북,경북,경산,용성,외촌,기,기타(직접입력),원인미상,0.9
2017,12,23,05:30,토,2017,12,23,08:00,경북,경북,봉화,상운,하눌,기,방화,,0.9
2017,12,22,15:33,금,2017,12,22,17:11,남부,경북,안동,길안,백자,기,기타(직접입력),조사중,0.05
2017,12,21,21:47,목,2017,12,22,02:03,경북,경북,포항,장기,산서,건,기타(직접입력),슬레이트 창고화재 비화,3.0
2017,12,21,16:52,목,2017,12,21,18:50,경북,경북,안동,송천,,입,기타(직접입력),입산자 실화추정,0.02
2017,12,20,08:15,수,2017,12,20,09:40,경북,경북,경주,현곡,가정,기,기타(직접입력),연탄재 불씨비화 추정,0.06
2017,12,19,16:45,화,2017,12,19,18:20,경북,경북,의성,점곡,사촌,기,기타(직접입력),원인미상(조사중),0.05
2017,12,19,14:00,화,2017,12,19,20:00,경북,경북,고령,개진,구곡,입,등산객실화,,1.5
2017,12,18,12:20,월,2017,12,18,14:10,경북,경북,의성,단촌,구계,기,기타(직접입력),원인미상,0.05
2017,12,18,10:50,월,2017,12,18,12:30,경북,경북,성주,수륜,남은,건,기타(직접입력),수도관 동파방지 불취급 실화,0.02
2017,12,18,10:10,월,2017,12,18,11:10,경북,경북,칠곡,동명,가천,쓰,쓰레기소각,,0.01
2017,12,16,17:25,토,2017,12,16,23:00,경북,경북,영천,고경,논실,기,기타(직접입력),성묘객 실화,1.89
2017,12,16,10:45,토,2017,12,16,12:25,경북,경북,김천,어모,능치,기,기타(직접입력),화목보일러 불씨취급 부주의,0.04
2017,12,13,15:00,수,2017,12,13,17:10,경북,경북,성주,용암,용정,건,기타(직접입력),불법하우스 내 화목보일러 화재 비화,0.05
2017,12,12,15:00,화,2017,12,12,16:46,경북,경북,군위,의흥,읍내,기,기타(직접입력),화목보일러 불씨취급 부주의 추정,0.5
2017,12,9,18:25,토,2017,12,9,19:35,경북,경북,경주,건천,대곡,입,기타(직접입력),입산자 실화추정,0.01
2017,12,5,10:46,화,2017,12,5,11:30,경북,경북,구미,해평,월곡,기,기타(직접입력),원인미상,0.02
2017,12,1,12:55,금,2017,12,1,15:00,경북,경북,경주,내남,비지,쓰,쓰레기소각,,0.8
2017,11,30,18:17,목,2017,11,30,19:10,경북,경북,포항,장기,죽정,쓰,쓰레기소각,,0.1
2017,11,30,17:20,목,2017,11,30,19:00,경북,경북,구미,고아,대망,입,기타(직접입력),입산자 담뱃불 실화,0.6
2017,11,26,21:05,일,2017,11,26,22:25,경북,경북,경주,천북,갈곡,기,성묘객실화,,0.05
2017,11,25,14:15,토,2017,11,25,15:10,경북,경북,경주,강동,다산,입,기타(직접입력),입산자 실화추정,0.03
2017,11,23,13:20,목,2017,11,23,14:20,경북,경북,칠곡,북삼,오평,기,농산폐기물소각,,0.01
2017,11,23,05:40,목,2017,11,23,10:40,경북,경북,영천,화남,월곡,입,기타(직접입력),입산자 실화추정,0.8
2017,11,20,05:00,월,2017,11,20,08:30,경북,경북,포항,송라,하송,기,기타(직접입력),원인미상,0.1
2017,11,19,13:56,일,2017,11,19,15:10,경북,경북,경주,배,,입,기타(직접입력),입산자 실화추정,0.01
2017,11,17,07:04,금,2017,11,17,07:35,경북,경북,포항,송라,하송,기,기타(직접입력),원인미상,0.01
2017,11,16,14:49,목,2017,11,16,16:10,경북,경북,성주,가천,금봉,기,기타(직접입력),화목보일러 재투기,0.05
2017,11,15,15:30,수,2017,11,15,17:30,경북,경북,성주,용암,본리,쓰,기타(직접입력),주택부지 내 지장목 소각,0.04
2017,11,11,18:20,토,2017,11,12,10:30,경북,경북,포항,죽장,합덕,담,기타(직접입력),담뱃불 추정,0.1
2017,11,1,03:40,수,2017,11,1,07:10,경북,경북,김천,남,오봉,기,기타(직접입력),원인미상,0.3
2017,7,20,12:30,목,2017,7,20,13:10,경북,경북,경주,외동,북토,기,기타(직접입력),기계화장비 화재에 따른 산불전이,0.01
2017,6,23,16:23,금,2017,6,23,17:30,경북,경북,고령,우곡,사전,입,기타(직접입력),입산자 실화추정,0.04
2017,6,23,14:24,금,2017,6,23,17:00,경북,경북,김천,남,문곡,기,농산폐기물소각,,0.03
2017,6,22,14:24,목,2017,6,22,16:00,경북,경북,문경,산북,약석,기,기타(직접입력),원인미상(조사중),0.01
2017,6,19,17:17,월,2017,6,19,19:50,경북,경북,의성,단촌,장림,기,기타(직접입력),원인미상,0.2
2017,6,19,15:30,월,2017,6,19,18:50,경북,경북,군위,효령,금매,기,농산폐기물소각,,0.05
2017,6,18,15:47,일,2017,6,18,17:50,경북,경북,울진,매화,신흥,쓰,쓰레기소각,,0.01
2017,6,18,13:30,일,2017,6,18,15:10,경북,경북,경주,건천,용명,입,기타(직접입력),입산자 실화,0.01
2017,6,18,10:55,일,2017,6,18,11:50,경북,경북,칠곡,석적,도개,쓰,쓰레기소각,,0.01
2017,6,17,19:15,토,2017,6,17,21:40,남부,경북,안동,일직,용각,기,기타(직접입력),조사중,0.2
2017,6,16,16:24,금,2017,6,16,17:55,경북,경북,경주,건천,용명,입,기타(직접입력),입산자 실화,0.01
2017,6,16,15:34,금,2017,6,16,17:30,남부,경북,상주,모동,수봉,기,기타(직접입력),조사중,0.02
2017,6,15,14:05,목,2017,6,15,17:52,남부,경북,울진,북,검성,입,기타(직접입력),입산자 실화,0.5
2017,6,11,15:43,일,2017,6,11,17:05,경북,경북,영천,금호,대미,기,선택,,0.15
2017,6,9,16:40,금,2017,6,9,19:20,경북,경북,영양,입암,산해,입,기타(직접입력),입산자 실화추정,0.01
2017,6,6,13:05,화,2017,6,6,14:13,경북,경북,의성,점곡,황룡,건,주택화재비화,,0.05
2017,6,5,15:00,월,2017,6,5,16:00,경북,경북,영덕,지품,수암,기,기타(직접입력),원인미상,0.01
2017,6,4,23:37,일,2017,6,5,11:28,남부,경북,영주,부석,북지,입,기타(직접입력),입산자 실화,0.3
2017,6,4,12:07,일,2017,6,5,08:15,경북,경북,성주,선남,도흥,쓰,쓰레기소각,,24.18
2017,6,3,14:00,토,2017,6,3,16:30,경북,경북,봉화,물야,오록,기,기타(직접입력),원인미상,0.03
2017,6,3,11:44,토,2017,6,3,12:50,경북,경북,안동,와룡,주하,기,농산폐기물소각,,0.03
2017,6,2,19:00,금,2017,6,3,02:30,경북,경북,울진,울진,대흥,기,낙뢰,,0.3
2017,6,2,13:10,금,2017,6,2,15:30,남부,경북,울진,금강송,전곡,기,낙뢰,,0.01
2017,6,1,17:28,목,2017,6,1,18:29,경북,경북,칠곡,가산,금화,입,기타(직접입력),입산자 실화추정,0.01
2017,5,30,12:25,화,2017,5,30,14:20,경북,경북,봉화,명호,고감,쓰,쓰레기소각,,0.03
2017,5,30,11:20,화,2017,5,30,14:20,경북,경북,봉화,상운,구천,기,농산폐기물소각,,0.1
2017,5,29,13:00,월,2017,5,29,15:10,경북,경북,영양,청기,토곡,기,농산폐기물소각,,0.05
2017,5,28,14:51,일,2017,5,28,17:05,경북,경북,울진,기성,사동,건,기타(직접입력),건축물 화재로 인한 비화추정,0.1
2017,5,28,13:35,일,2017,5,28,14:58,경북,경북,경주,산내,대현,입,등산객실화,,0.01
2017,5,27,16:34,토,2017,5,27,17:50,경북,경북,김천,감천,광기,기,농산폐기물소각,,0.05
2017,5,27,12:33,토,2017,5,27,17:50,경북,경북,김천,증산,평촌,입,기타(직접입력),입산자 실화추정,1.0
2017,5,25,13:31,목,2017,5,25,14:40,경북,경북,청송,현동,개일,기,농산폐기물소각,,0.05
2017,5,23,17:34,화,2017,5,23,19:54,경북,경북,경주,손곡,,입,기타(직접입력),입산자 실화추정,0.04
2017,5,22,03:00,월,2017,5,22,07:00,경북,경북,문경,가은,원북,기,기타(직접입력),원인미상(조사중),0.5
2017,5,19,12:25,금,2017,5,19,21:15,경북,경북,봉화,석포,석포,기,기타(직접입력),조사중,0.7
2017,5,19,04:50,금,2017,5,19,08:10,경북,경북,포항,오천,함사,입,기타(직접입력),입산자 담뱃불 실화추정,0.1
2017,5,7,19:50,일,2017,5,7,20:55,경북,경북,영주,봉현,한천,기,기타(직접입력),전기누전 추정,0.05
2017,5,7,14:45,일,2017,5,8,07:00,경북,경북,영덕,영해,사진,담,담뱃불실화,,5.9
2017,5,6,16:30,토,2017,5,6,18:30,남부,경북,문경,가은,수예,기,논밭두렁소각,,1.5
2017,5,6,14:19,토,2017,5,6,15:55,경북,경북,예천,보문,독양,쓰,쓰레기소각,,0.1
2017,5,6,14:10,토,2017,5,8,16:30,경북,경북,상주,사벌,덕가,기,농산폐기물소각,,86.0
2017,5,6,11:50,토,2017,5,6,12:46,남부,경북,영양,영양,양구,기,기타(직접입력),조사중,0.01
2017,5,5,13:30,금,2017,5,5,17:00,경북,경북,영양,일월,도계,입,기타(직접입력),입산자 실화추정,1.0
2017,5,3,15:23,수,2017,5,3,16:22,남부,경북,상주,화북,용유,입,기타(직접입력),입산자 실화추정,0.1
2017,4,30,09:50,일,2017,4,30,11:30,경북,경북,문경,동로,석항,입,등산객실화,,0.1
2017,4,29,10:22,토,2017,4,29,12:33,경북,경북,경주,내남,노곡,입,등산객실화,,0.3
2017,4,28,18:22,금,2017,4,29,07:20,경북,경북,칠곡,왜관,금산,입,기타(직접입력),입목(아까시나무)소각,1.25
2017,4,28,13:19,금,2017,4,28,16:23,경북,경북,칠곡,동명,가천,입,산나물채취객실화,,0.3
2017,4,27,14:25,목,2017,4,27,15:35,경북,경북,안동,임하,금소,입,등산객실화,,0.01
2017,4,26,12:18,수,2017,4,26,14:00,경북,경북,예천,지보,수월,기,농산폐기물소각,,0.06
2017,4,23,15:35,일,2017,4,23,17:40,남부,경북,울진,온정,선구,입,등산객실화,,0.1
2017,4,13,16:15,목,2017,4,13,17:00,경북,경북,문경,동로,노은,입,기타(직접입력),입산자실화추정,0.01
2017,4,13,12:10,목,2017,4,13,13:30,경북,경북,예천,감천,마촌,기,논밭두렁소각,,0.1
2017,3,23,13:56,목,2017,3,23,17:05,경북,경북,의성,다인,용곡,기,논밭두렁소각,,1.5
2017,3,22,16:35,수,2017,3,22,18:00,경북,경북,문경,산양,봉정,기,무속행위,,0.15
2017,3,22,16:02,수,2017,3,22,18:30,남부,경북,봉화,법전,소천,입,기타(직접입력),입산자 실화추정,2.2
2017,3,21,14:35,화,2017,3,21,16:45,경북,경북,예천,개포,신음,기,논밭두렁소각,,0.5
2017,3,19,14:16,일,2017,3,19,15:20,경북,경북,김천,대덕,중산,기,농산폐기물소각,,0.03
2017,3,19,12:45,일,2017,3,19,14:58,경북,경북,안동,북후,오산,기,농산폐기물소각,,0.1
2017,3,19,11:35,일,2017,3,19,13:30,경북,경북,청송,안덕,노래,기,기타(직접입력),화목보일러 불씨 비화 추정,0.03
2017,3,19,10:48,일,2017,3,19,14:07,경북,경북,안동,예안,인계,건,주택화재비화,,0.1
2017,3,14,18:30,화,2017,3,14,21:15,경북,경북,경주,내남,월산,입,등산객실화,,0.3
2017,3,13,16:15,월,2017,3,13,16:43,경북,경북,구미,상모,,입,등산객실화,,0.01
2017,3,13,12:23,월,2017,3,13,16:20,경북,경북,청송,진보,신촌,입,기타(직접입력),입산자 실화추정,0.2
2017,3,12,12:34,일,2017,3,12,13:50,경북,경북,경주,양북,권이,기,논밭두렁소각,,0.03
2017,3,11,15:13,토,2017,3,11,18:30,경북,경북,영천,화남,죽곡,기,논밭두렁소각,,5.2
2017,3,11,14:15,토,2017,3,11,15:20,경북,경북,문경,가은,전곡,기,성묘객실화,,0.09
2017,3,11,13:46,토,2017,3,11,15:15,경북,경북,의성,점곡,동변,기,기타(직접입력),트랙터 화재,0.2
2017,3,10,14:20,금,2017,3,10,15:20,경북,경북,문경,농암,선곡,기,기타(직접입력),예취기 과열로인한 발화,0.03
2017,3,10,13:55,금,2017,3,10,16:00,경북,경북,영양,입암,양항,기,기타(직접입력),벌통훈연기취급 부주의,0.5
2017,3,10,13:40,금,2017,3,10,14:25,경북,경북,청도,매전,지전,쓰,쓰레기소각,,0.03
2017,3,9,12:14,목,2017,3,9,13:10,경북,경북,영주,이산,신암,기,기타(직접입력),차량화재,0.05
2017,3,4,15:00,토,2017,3,4,17:15,경북,경북,영주,부석,보계,기,농산폐기물소각,,2.0
2017,2,28,13:10,화,2017,2,28,15:20,경북,경북,안동,일직,용각,쓰,기타(직접입력),축산폐기물 소각,0.8
2017,2,19,15:10,일,2017,2,19,16:30,경북,경북,군위,고로,인곡,쓰,쓰레기소각,,0.2
2017,2,16,16:35,목,2017,2,16,17:40,경북,경북,상주,사벌,덕가,기,논밭두렁소각,,0.1
2017,2,12,14:56,일,2017,2,12,17:00,경북,경북,청송,진보,고현,입,등산객실화,,0.1
2017,2,10,12:50,금,2017,2,10,14:20,경북,경북,안동,도산,동부,입,등산객실화,,0.01
2017,2,4,13:10,토,2017,2,4,15:35,경북,경북,구미,해평,도문,기,기타(직접입력),원인미상,0.3
2017,2,4,13:09,토,2017,2,4,16:15,남부,경북,영덕,지품,속곡,담,기타(직접입력),,0.98
2017,2,3,10:25,금,2017,2,3,11:15,경북,경북,경주,강동,유금,입,기타(직접입력),입산자 실화추정,0.1
2017,2,2,11:43,목,2017,2,2,12:12,경북,경북,칠곡,지천,송정,입,등산객실화,,0.05
2017,1,26,15:30,목,2017,1,26,16:40,경북,경북,안동,도산,온혜,기,기타(직접입력),원인미상,0.1
2017,1,11,20:25,수,2017,1,11,22:00,경북,경북,영양,청기,기포,쓰,쓰레기소각,,0.5
2016,12,17,12:55,토,2016,12,17,17:00,경북,경북,영덕,영덕,화수,입,기타(직접입력),입산자 실화추정,1.6
2016,12,9,17:50,금,2016,12,9,18:25,경북,경북,고령,대가야,쾌빈,입,기타(직접입력),입산자 모닥불 불씨비화 추정,0.16
2016,11,16,09:41,수,2016,11,16,11:36,남부,경북,봉화,소천,분천,입,기타(직접입력),입산자 실화,0.01
2016,8,27,15:50,토,2016,8,27,17:40,경북,경북,영천,화산,부계,기,성묘객실화,,0.1
2016,8,21,18:40,일,2016,8,22,07:15,경북,경북,칠곡,가산,다부,기,기타(직접입력),원인미상,0.4
2016,8,14,08:59,일,2016,8,14,10:30,경북,경북,안동,풍산,노,쓰,쓰레기소각,,0.02
2016,8,11,10:42,목,2016,8,11,14:10,경북,경북,경주,안강,두류,기,기타(직접입력),차량용 가스통 가공회사 가스통 폭발,0.6
2016,6,30,16:37,목,2016,6,30,20:10,남부,경북,봉화,소천,남회룡,입,기타(직접입력),입산자 실화추정,0.1
2016,6,28,17:50,화,2016,6,28,18:50,경북,경북,영양,석보,택전,기,농산폐기물소각,,0.05
2016,6,28,13:22,화,2016,6,28,16:30,경북,경북,울진,온정,조금,기,기타(직접입력),원인미상,0.01
2016,6,18,15:30,토,2016,6,18,16:30,경북,경북,경주,조양,,쓰,쓰레기소각,,0.03
2016,6,5,09:00,일,2016,6,5,12:00,경북,경북,청송,파천,신흥,입,기타(직접입력),입산자 실화추정,0.1
2016,6,2,13:55,목,2016,6,2,17:45,경북,경북,봉화,춘양,우구치,기,기타(직접입력),원인미상,0.1
2016,5,22,12:54,일,2016,5,22,15:22,경북,경북,울진,기성,사동,입,기타(직접입력),입산자 실화추정,0.05
2016,5,7,16:44,토,2016,5,7,17:50,남부,경북,봉화,석포,대현,입,기타(직접입력),입산자 실화추정(조사중),0.4
2016,4,25,23:07,월,2016,4,26,00:25,경북,경북,청도,각북,삼평,기,방화,,0.02
2016,4,5,16:12,화,2016,4,5,17:50,경북,경북,청송,현동,인지,기,성묘객실화,,0.1
2016,4,2,19:42,토,2016,4,3,07:20,경북,경북,예천,용문,상금곡,기,논밭두렁소각,,66.5
2016,3,30,17:47,수,2016,3,30,19:00,경북,경북,안동,도산,의촌,기,논밭두렁소각,,0.02
2016,3,30,14:46,수,2016,3,31,12:33,경북,경북,상주,외서,예의,기,논밭두렁소각,,92.6
2016,3,30,13:21,수,2016,3,30,17:00,경북,경북,의성,단촌,구계,입,기타(직접입력),,0.4
2016,3,28,11:24,월,2016,3,28,12:40,경북,경북,상주,함창,하갈,기,논밭두렁소각,,0.6
2016,3,27,16:18,일,2016,3,27,18:00,경북,경북,영양,영양,현,기,논밭두렁소각,,0.7
2016,3,27,12:17,일,2016,3,27,13:55,경북,경북,안동,임동,사월,기,낚시꾼실화,,0.2
2016,3,25,12:17,금,2016,3,25,12:57,경북,경북,상주,이안,문창,기,농산폐기물소각,,0.03
2016,3,17,19:45,목,2016,3,17,20:55,경북,경북,영천,청통,신덕,기,농산폐기물소각,,0.05
2016,3,17,18:19,목,2016,3,17,23:59,경북,경북,영주,단산,마락,기,농산폐기물소각,,0.4
2016,3,17,18:02,목,2016,3,17,20:40,남부,경북,문경,가은,죽문,기,논밭두렁소각,,1.5
2016,3,17,11:05,목,2016,3,17,11:40,경북,경북,상주,사벌,덕가,기,농산폐기물소각,,0.3
2016,3,16,16:55,수,2016,3,16,17:30,남부,경북,영덕,남정,중화,담,담뱃불실화,,0.22
2016,3,15,11:56,화,2016,3,15,12:30,경북,경북,성주,월향,지방,기,농산폐기물소각,,0.1
2016,3,14,16:15,월,2016,3,14,17:30,경북,경북,경산,와촌,대한,기,무속행위,,0.1
2016,3,3,13:55,목,2016,3,3,15:10,경북,경북,안동,신세,,쓰,쓰레기소각,,0.1
2016,2,29,10:35,월,2016,2,29,11:30,경북,경북,경주,안강,두류,기,기타(직접입력),원인미상,0.03
2016,2,23,14:35,화,2016,2,23,16:16,경북,경북,예천,지보,송평,기,논밭두렁소각,,0.5
2016,2,10,15:15,수,2016,2,10,16:02,경북,경북,영양,영양,하원,기,농산폐기물 소각,,0.2
2016,2,9,17:37,화,2016,2,9,18:40,경북,경북,안동,풍산,노,쓰,쓰레기 소각,,0.03
2016,2,9,14:50,화,2016,2,9,15:40,경북,경북,청도,각북,금천,기,농산폐기물 소각,,0.06
2016,2,8,12:20,월,2016,2,8,13:25,경북,경북,영천,북안,자포,기,성묘객 실화,,0.2
2016,2,7,15:30,일,2016,2,7,18:20,경북,경북,영주,부석,우곡,기,농산폐기물 소각(밭두렁 소각),,1.5
2016,2,4,13:45,목,2016,2,4,14:35,경북,경북,영주,단산,단곡,기,농산폐기물소각,,0.1
2016,1,17,11:18,일,2016,1,17,12:25,경북,경북,안동,풍산,마애,기,농산폐기물소각,,0.01
2016,1,9,14:48,토,2016,1,9,16:40,경북,경북,영양,일월,주곡,쓰,쓰레기소각,,0.3
2016,1,8,13:20,금,2016,1,8,14:15,경북,경북,칠곡,동명,금암,쓰,쓰레기소각,,0.2
2016,1,6,17:48,수,2016,1,6,21:20,경북,경북,울진,금강송,광회,건,주택화재비화,,0.3
2016,1,3,14:03,일,2016,1,3,16:20,경북,경북,영양,청기,상청,입,기타(직접입력),입산자 실화추정,0.5
2015,12,29,14:00,화,2015,12,29,16:30,남부,경북,봉화,석포,대현,기,작업장실화,,0.1
2015,12,28,15:10,월,2015,12,28,17:30,경북,경북,문경,호계,선암,입,기타(직접입력),모닥불,0.8
2015,11,5,14:06,목,2015,11,5,16:30,경북,경북,영덕,지품,낙평,입,기타(직접입력),입산자 실화추정,0.5
2015,11,3,11:33,화,2015,11,3,12:20,경북,경북,영주,장수,두천,기,기타(직접입력),자연발화추정(퇴비더미),0.01
2015,10,31,13:50,토,2015,10,31,15:40,경북,경북,문경,각서,,기,용접불씨 비화,,0.2
2015,10,25,16:12,일,2015,10,25,17:50,경북,경북,문경,산북,월천,기,논밭두렁 소각,,0.1
2015,10,25,11:51,일,2015,10,25,14:30,경북,경북,김천,감문,금곡,기,논밭두렁 소각추정,,0.1
2015,10,23,19:30,금,2015,10,23,22:00,남부,경북,울진,금강송,광희,기,기타(직접입력),벌통소독 실화,0.01
2015,10,23,18:28,금,2015,10,23,20:45,경북,경북,안동,도산,단천,기,원인미상,,0.1
2015,10,20,10:54,화,2015,10,20,13:27,경북,경북,봉화,상운,문촌,기,농산폐기물소각,,0.1
2015,10,18,14:55,일,2015,10,18,16:20,경북,경북,성주,수륜,신정,기,임도공사현장 작업자 과실,,0.1
2015,10,10,00:20,토,2015,10,10,09:00,경북,경북,김천,남,오봉,기,원인미상,,0.5
2015,10,9,15:50,공,2015,10,9,17:40,경북,경북,예천,용문,원류,입,등산객실화,,0.2
2015,10,7,15:30,수,2015,10,7,17:00,경북,경북,경주,내남,용장,입,입산자 실화추정,,0.02
2015,10,7,13:25,수,2015,10,7,15:00,남부,경북,김천,조마,신곡,담,선택,,0.01
2015,10,6,14:28,화,2015,10,6,17:22,경북,경북,봉화,명호,관창,기,아궁이 불씨발화,,0.5
2015,10,4,15:15,일,2015,10,4,17:05,경북,경북,상주,내서,서만,쓰,쓰레기 소각,,0.2
2015,9,29,12:14,공,2015,9,29,13:10,경북,경북,영주,부석,용암,기,영농폐기물 소각,,0.2
2015,9,22,14:15,화,2015,9,22,16:10,경북,경북,영양,일월,가곡,기,성묘객 실화추정,,0.3
2015,9,18,10:10,금,2015,9,18,11:10,경북,경북,영주,장수,반구,기,묘지주변 벌초 후 소각부주의,,0.1
2015,9,9,17:20,수,2015,9,9,19:00,경북,경북,영주,평은,강동,기,용접불씨 비화,,0.06
2015,8,7,08:00,금,2015,8,7,09:00,경북,경북,안동,도산,동부,입,등산객실화,,0.1
2015,8,2,21:45,일,2015,8,2,23:30,경북,경북,청송,청송,덕,기,낙뢰,,0.03
2015,7,31,14:50,금,2015,7,31,18:20,경북,경북,경주,외동,제내,입,입산자 실화추정,,0.1
2015,6,15,05:19,월,2015,6,15,08:45,경북,경북,칠곡,지천,연호,입,입산자실화 추정,,0.01
2015,6,14,17:55,일,2015,6,14,19:20,경북,경북,김천,구성,용호,기,농산폐기물 소각,,0.03
2015,6,14,13:30,일,2015,6,14,13:54,경북,경북,성주,선남,장학,입,입산자실화 추정,,0.1
2015,6,13,16:05,토,2015,6,13,19:00,경북,경북,김천,부항,희곡,기,원인미상,,0.5
2015,6,10,11:40,수,2015,6,10,13:30,경북,경북,안동,임동,박곡,기,밭두렁 소각,,0.1
2015,6,10,11:11,수,2015,6,10,13:00,경북,경북,영천,도림,,쓰,쓰레기 소각,,0.1
2015,6,6,12:50,공,2015,6,6,13:55,경북,경북,상주,사벌,덕가,쓰,쓰레기 소각,,0.01
2015,6,5,04:55,금,2015,6,5,06:20,경북,경북,봉화,봉성,봉양,입,입산자실화 추정,,0.01
2015,6,5,00:01,금,2015,6,5,08:50,경북,경북,청송,현서,월정,기,원인미상,,0.5
2015,6,4,22:23,목,2015,6,4,00:00,경북,경북,영주,순흥,석교,기,원인미상,,0.03
2015,6,4,17:32,목,2015,6,4,19:10,경북,경북,봉화,충양,도심,쓰,쓰레기 소각,,0.1
2015,6,3,20:00,수,2015,6,4,09:25,경북,경북,청송,현서,월정,기,원인미상,,3.0
2015,6,2,20:51,화,2015,6,2,22:30,경북,경북,경산,하양,동서,입,입산자실화 추정,,0.1
2015,5,31,14:30,일,2015,5,31,16:00,경북,경북,경주,배,,입,입산자실화 추정,,0.01
2015,5,29,14:40,금,2015,5,29,15:50,경북,경북,고령,다산,나정,기,재발화(5.27 산불발생지내),,0.01
2015,5,27,15:45,수,2015,5,27,18:30,경북,경북,고령,다산,나정,쓰,쓰레기 소각,,1.5
2015,5,26,05:10,화,2015,5,26,07:10,경북,경북,안동,서후,자품,기,농산부산물 소각,,0.4
2015,5,23,16:24,토,2015,5,23,17:30,경북,경북,안동,임직,평팔,기,농산폐기물 소각,,0.1
2015,5,23,15:57,토,2015,5,23,17:21,경북,경북,문경,가은,왕능,기,공사장 전기합선 추정,,0.03
2015,5,7,12:00,목,2015,5,7,13:07,경북,경북,문경,가은,민지,기,밭두렁 소각,,0.1
2015,5,1,14:35,금,2015,5,1,15:17,경북,경북,포항,기북,탑정,입,입산자실화 추정,,0.01
2015,4,23,14:14,목,2015,4,23,15:40,경북,경북,문경,불정,,입,입산자 실화,,0.01
2015,4,22,12:33,수,2015,4,22,13:48,경북,경북,영천,신녕,화남,입,입산자실화 추정,,0.01
2015,4,17,15:03,금,2015,4,17,16:45,경북,경북,칠곡,왜관,금산,기,원인미상,,0.01
2015,3,28,17:00,토,2015,3,28,21:00,경북,경북,경주,감포,감포,쓰,쓰레기 소각,,2.0
2015,3,28,12:31,토,2015,3,28,13:45,경북,경북,군위,의흥,수북,쓰,쓰레기 소각,,0.1
2015,3,28,12:10,토,2015,3,28,13:00,경북,경북,고령,성산,삼대,입,입산자 실화,,0.01
2015,3,28,11:48,토,2015,3,28,14:20,경북,경북,영주,단산,사천,쓰,축사내 쓰레기 소각,,0.1
2015,3,28,09:27,토,2015,3,28,10:47,남부,경북,영주,풍기,삼가,쓰,쓰레기 소각,,0.2
2015,3,23,13:55,월,2015,3,23,15:20,경북,경북,봉화,명호,관창,기,차량화재 전이,,0.1
2015,3,22,10:45,일,2015,3,22,11:25,경북,경북,안동,상아,,기,원인미상,,0.03
2015,3,21,16:27,토,2015,3,21,17:10,경북,경북,경주,양북,용당,기,산소 벌집제거,,0.03
2015,3,21,14:30,토,2015,3,21,16:00,경북,경북,안동,도산 ,선양,기,농산폐기물 소각,,0.2
2015,3,16,18:12,월,2015,3,16,20:48,경북,경북,안동,임동,사월,기,농산폐기물 소각,,0.1
2015,3,14,14:00,토,2015,3,14,14:50,경북,경북,경주,강동,유금,입,입산자실화 추정,,0.1
2015,3,13,16:23,금,2015,3,13,16:55,경북,경북,문경,영순,율곡,기,아궁이 불씨발화,,0.1
2015,3,12,10:43,목,2015,3,12,16:45,남부,경북,봉화,소천,남회룡,기,원인미상,,2.0
2015,3,12,06:35,목,2015,3,12,07:55,경북,경북,상주,모동,덕곡,기,농산폐기물 소각,,0.1
2015,3,11,16:00,수,2015,3,11,17:49,경북,경북,포항,장기,대진,기,원인미상,,0.3
2015,3,10,16:05,화,2015,3,10,16:30,경북,경북,포항,용흥,,기,원인미상,,0.01
2015,3,10,13:52,화,2015,3,10,16:20,경북,경북,구미,양호,,기,원인미상,,0.01
2015,3,10,13:40,화,2015,3,10,23:00,경북,경북,경주,강동,안계,기,군부대 실화(신호탄 발화),,10.0
2015,3,10,07:04,화,2015,3,10,08:43,경북,경북,상주,모동,덕곡,기,농산폐기물 소각,,0.3
2015,3,9,15:45,월,2015,3,9,16:20,경북,경북,안동,녹전,사신,기,소각재 투기,,0.1
2015,3,9,15:40,월,2015,3,9,20:00,경북,경북,청송,부남,홍원,기,농산폐기물 소각,,1.0
2015,3,9,12:20,월,2015,3,9,13:30,경북,경북,봉화,상운,구천,기,논밭두렁 소각,,0.1
2015,3,6,07:08,금,2015,3,6,10:15,경북,경북,울진,북산,무구,기,원인미상,,0.9
2015,3,5,12:05,목,2015,3,5,13:25,경북,경북,성주,벽진,외기,입,입산자 실화,,0.01
2015,3,4,12:45,수,2015,3,4,13:30,경북,경북,경주,현곡,래태,기,화목보일러 소각잔재물(재)투기,,0.09
2015,2,26,19:20,목,2015,2,26,20:50,경북,경북,경주,하,,입,입산자실화 추정,,0.1
2015,2,24,12:38,화,2015,2,24,13:45,경북,경북,울진,울진,정림,기,농산폐기물 소각,,0.2
2015,2,15,15:26,일,2015,2,15,16:35,경북,경북,청송,현동,눌인,기,농산폐기물 소각,,0.1
2015,2,11,02:40,수,2015,2,11,04:20,경북,경북,문경,마성,정,기,농산폐기물 소각,,2.0
2015,2,10,14:45,화,2015,2,10,16:20,경북,경북,경산,하양,사기,입,입산자실화 추정,,0.2
2015,2,9,16:24,월,2015,2,9,16:55,경북,경북,포항,송라,중산,기,전기합선,,0.01
2015,2,9,15:20,월,2015,2,9,16:20,남부,경북,영양,석보,요원,기,원인미상,,0.05
2015,2,7,15:40,토,2015,2,7,16:20,경북,경북,영양,입암,산해,기,화목보일러 소각잔재물(재)투기,,0.01
2015,2,6,16:07,금,2015,2,6,16:50,경북,경북,의성,구천,청산,기,농산폐기물 소각,,0.4
2015,1,20,04:00,화,2015,1,20,08:06,경북,경북,경주,강동,국당,기,재발화(1.18 산불발생지내),,0.19
2015,1,18,16:05,일,2015,1,18,17:50,경북,경북,경주,강동,국당,입,입산자실화 추정,,0.61
2015,1,13,10:57,화,2015,1,13,12:18,남부,경북,울진,서,삼근,기,원인미상,,0.01
2015,1,10,13:02,토,2015,1,10,16:11,경북,경북,영천,임고,삼매,기,화목보일러 소각잔재물(재)투기,,2.2
2015,1,4,15:18,일,2015,1,4,16:40,경북,경북,안동,남후,하아,입,입산자실화 추정,,0.05
2014,11,14,10:13,금,2014,11,14,11:44,경북,경북,포항 북,죽장,합덕,쓰,쓰레기소각,,0.2
2014,10,8,15:00,수,2014,10,8,16:10,경북,경북,포항,청하,소동,입,기타(직접입력),입산자 실화추정,0.01
2014,7,30,17:50,수,2014,7,30,19:00,경북,경북,영주,이산,지동,기,논밭두렁소각,,0.01
2014,7,30,12:35,수,2014,7,30,16:00,경북,경북,문경,영순,율곡,입,기타(직접입력),숲가꾸기 작업장,0.2
2014,7,30,12:00,수,2014,7,30,13:40,경북,경북,군위,군위,대북,쓰,쓰레기소각,,0.2
2014,6,2,08:40,월,2014,6,2,15:05,경북,경북,포항 북,송라,중산,입,기타(직접입력),입산자 실화추정,0.1
2014,6,1,05:20,일,2014,6,1,09:30,경북,경북,예천,보문,오암,입,등산객실화,,0.1
2014,5,30,16:00,금,2014,5,30,17:40,경북,경북,김천,농소,신촌,기,농산폐기물소각,,0.15
2014,5,29,16:40,목,2014,5,29,18:45,경북,경북,문경,영순,말응,쓰,쓰레기소각,,0.03
2014,5,28,12:29,수,2014,5,28,14:15,경북,경북,포항 남,장기,산서,기,기타(직접입력),행군중 부상자 구조신호로 불피움,0.1
2014,5,27,14:20,화,2014,5,27,17:20,경북,경북,김천,부항,월곡,기,논밭두렁소각,,0.6
2014,5,27,12:35,화,2014,5,27,14:20,경북,경북,안동,임동,마령,쓰,쓰레기소각,,0.2
2014,5,25,10:36,일,2014,5,25,13:00,경북,경북,경주,감포,노동,기,농산폐기물소각,,0.7
2014,5,24,17:15,토,2014,5,24,18:40,경북,경북,봉화,상운,문촌,입,등산객실화,,0.1
2014,5,22,15:20,목,2014,5,22,16:50,경북,경북,봉화,명호,풍호,입,등산객실화,,0.1
2014,5,22,12:15,목,2014,5,22,14:00,경북,경북,경주,현곡,소현,입,등산객실화,,0.02
2014,5,22,11:52,목,2014,5,22,13:04,경북,경북,영천,화산,효정,쓰,기타(직접입력),폐비닐 소각,0.2
2014,5,17,11:50,토,2014,5,17,14:50,경북,경북,영주,풍기,금계,기,기타(직접입력),원인미상,0.01
2014,5,11,14:16,일,2014,5,11,16:11,경북,경북,군위,고로,인곡,입,기타(직접입력),입산자 실화추정,0.1
2014,5,3,11:50,토,2014,5,3,14:30,남부,경북,봉화,소천,남회룡,기,기타(직접입력),조사중,0.2
2014,4,26,14:29,토,2014,4,26,19:10,경북,경북,울진,북,나곡,기,원인미상,,1.0
2014,4,25,15:28,금,2014,4,25,19:17,경북,경북,봉화,법전,소천,입,입산자 실화추정,,0.5
2014,4,24,15:19,목,2014,4,24,22:30,경북,경북,영주,이산,지동,기,육묘장 전기누전,,14.3
2014,4,23,16:25,수,2014,4,23,17:18,경북,경북,상주,공성,엄오,입,입산자 실화추정,,0.2
2014,4,15,14:04,화,2014,4,15,14:56,경북,경북,경주,내남,영계,입,입산자 실화추정,,0.05
2014,4,15,10:55,화,2014,4,15,13:15,경북,경북,칠곡,가산,용수,입,입산자 실화추정,,0.1
2014,4,15,10:45,화,2014,4,15,16:05,경북,경북,영주,부석,용암,기,농산폐기물 소각,,3.5
2014,4,15,10:37,화,2014,4,15,13:14,경북,경북,영천,청통,애련,기,농산폐기물 소각,,0.5
2014,4,14,17:25,월,2014,4,14,18:40,경북,경북,안동,와룡,가류,입,입산자 실화추정,,0.2
2014,4,14,14:17,월,2014,4,14,17:10,남부,경북,청도,운문,신원,입,입산자 실화추정,,0.8
2014,4,13,16:25,일,2014,4,13,18:20,경북,경북,예천,호명,금능,입,산나물 채취자추정,,0.2
2014,4,12,03:40,토,2014,4,12,06:44,경북,경북,상주,은척,하흘,입,입산자 실화추정,,0.1
2014,4,11,15:09,금,2014,4,11,15:58,경북,경북,봉화,봉화,내성,쓰,쓰레기 소각,,0.03
2014,4,9,14:30,수,2014,4,9,19:00,경북,경북,성주,수륜,작은,입,기타(직접입력),입산자 실화(담뱃불),0.3
2014,4,8,15:30,화,2014,4,8,16:15,경북,경북,안동,북후,옹천리,건,주택화재비화,,0.2
2014,4,8,10:30,화,2014,4,8,12:15,경북,경북,상주,모동,반계,기,농산폐기물소각,,0.2
2014,4,7,15:12,월,2014,4,7,15:56,경북,경북,상주,청리,청하,기,성묘객 실화추정,,0.01
2014,4,6,14:15,일,2014,4,6,15:10,경북,경북,성주,선남,도홍,입,입산자 실화추정,,0.05
2014,4,2,12:00,수,2014,4,2,13:16,경북,경북,상주,이안,지산,기,기타(직접입력),묘소 둑 잡초소각,0.05
2014,4,1,12:30,화,2014,4,1,13:22,경북,경북,상주,외서,예의,기,논밭두렁소각,,0.03
2014,3,28,12:51,금,2014,3,28,13:40,경북,경북,상주,사벌,덕가,입,기타(직접입력),입산자 실화추정,0.1
2014,3,27,14:15,목,2014,3,27,16:02,남부,경북,영주,풍기,삼가,기,기타(직접입력),조사중,0.01
2014,3,24,13:33,월,2014,3,24,15:38,경북,경북,예천,풍양,풍신,기,논밭두렁 소각,,1.8
2014,3,24,12:40,월,2014,3,24,13:40,경북,경북,안동,운안,,기,농산폐기물 소각,,0.02
2014,3,23,17:30,일,2014,3,23,18:22,경북,경북,상주,화서,달천,입,입산자실화,,0.01
2014,3,23,17:00,일,2014,3,23,17:50,경북,경북,안동,와룡,이상,기,비닐하우스 가스폭발,,0.2
2014,3,23,15:50,일,2014,3,23,17:30,경북,경북,군위,군위,무성,입,입산자 실화,,0.1
2014,3,23,13:40,일,2014,3,23,14:20,경북,경북,상주,화산,,기,논밭두렁 소각,,0.1
2014,3,23,12:45,일,2014,3,23,14:30,남부,경북,김해,장유,,기,원인미상,,0.2
2014,3,17,20:35,월,2014,3,17,22:20,경북,경북,영주,이산,두월,기,논밭두렁 소각,,0.06
2014,3,17,18:52,월,2014,3,17,21:20,경북,경북,영주,장수,호문,기,논밭두렁 소각,,0.1
2014,3,11,19:31,화,2014,3,11,21:35,경북,경북,문경,산양,부암,입,입산자 실화 추정,,0.5
2014,3,11,15:20,화,2014,3,11,17:30,경북,경북,청도,매전,동산,기,사찰건립 현장 굴삭기 스파크로 발화,,0.5
2014,3,11,13:29,화,2014,3,11,15:48,경북,경북,영천,임고,선원,쓰,쓰레기 소각,,0.18
2014,3,11,13:16,화,2014,3,11,15:00,경북,경북,예천,지보,수월,기,농산폐기물 소각,,0.2
2014,3,11,10:05,화,2014,3,11,11:00,경북,경북,경산,용성,고죽,기,논밭두렁 소각,,0.05
2014,3,10,15:20,월,2014,3,10,16:35,경북,경북,안동,풍산,만운,기,논밭두렁 소각(추정),,0.1
2014,3,9,10:25,일,2014,3,9,11:30,남부,경북,울진,온정,덕인,입,입산자 실화,,0.01
2014,3,8,16:30,토,2014,3,9,17:00,경북,경북,성주,수륜,수륜,입,입산자 실화 추정,,11.0
2014,3,8,14:48,토,2014,3,8,15:20,경북,경북,문경,산양,형천,쓰,생활쓰레기 소각,,0.15
2014,3,5,20:25,수,2014,3,5,21:20,경북,경북,영주,영주,,입,입산자 실화(추정),,0.02
2014,3,5,16:25,수,2014,3,5,18:00,경북,경북,영주,평은,지곡,기,농산폐기물 소각,,0.03
2014,3,5,13:28,수,2014,3,5,17:15,경북,경북,구미,해평,송곡,기,원인미상,,0.7
2014,3,5,12:50,수,2014,3,5,14:00,경북,경북,군위,소보,보현,기,성묘객 실화(취사행위),,0.1
2014,3,2,18:55,일,2014,3,2,21:00,경북,경북,안동,서후,태장,기,논밭두렁 소각,,0.5
2014,3,2,18:00,일,2014,3,2,18:45,경북,경북,상주,화북,입석,쓰,쓰레기 소각,,0.02
2014,3,2,13:15,일,2014,3,2,14:20,경북,경북,문경,산양,반곡,기,농산폐기물 소각,,0.3
2014,2,26,10:55,수,2014,2,26,12:55,경북,경북,안동,풍천,금계,입,입산자실화 추정(약초꾼),,0.1
2014,2,25,11:48,화,2014,2,25,12:30,경북,경북,상주,사범,목가,기,농산폐기물 소각,,0.01
2014,2,23,13:00,일,2014,2,23,14:10,경북,경북,영양,일월,도곡,담,선택,,0.02
2014,2,21,13:30,금,2014,2,21,14:35,경북,경북,영양,청기,당,기,농산폐기물 소각,,0.05
2014,2,18,07:00,화,2014,2,18,08:40,경북,경북,상주,낙동,내곡,입,입산자 실화 추정,,0.02
2014,2,16,14:25,일,2014,2,16,15:45,경북,경북,청도,매전,동산,기,농산폐기물 소각,,0.1
2014,2,14,17:30,금,2014,2,14,18:30,경북,경북,칠곡,지천,낙산,입,입산자 실화,,0.01
2014,2,7,16:00,금,2014,2,7,17:05,경북,경북,안동,녹전,원천,기,논밭두렁 소각,,0.1
2014,2,5,15:00,수,2014,2,5,15:50,경북,경북,안동,와룡,나소,건,주택화재에서 번짐,,0.01
2014,2,5,14:29,수,2014,2,5,15:39,경북,경북,영천,화남,귀호,쓰,쓰레기 소각,,0.05
2014,2,4,19:30,화,2014,2,4,21:00,경북,경북,예천,예천,대심,기,원인미상,,0.1
2014,2,3,15:02,월,2014,2,3,15:20,경북,경북,포항 북,홍해,학천,입,입산자 실화 추정,,0.01
2014,2,3,08:49,월,2014,2,3,10:30,경북,경북,경주,배,,입,입산자 실화 추정,,2.2
2014,2,2,11:50,일,2014,2,2,13:50,경북,경북,칠곡,지천,낙산,입,입산자 실화 추정,,0.01
2014,2,1,19:00,공,2014,2,1,19:30,남부,경북,영양,영양,기산,건,주택화재로 인한 비화,,0.01
2014,1,31,14:17,공,2014,1,31,16:36,경북,경북,영천,자양,성곡,기,성묘객 실화 추정,,0.6
2014,1,31,12:50,공,2014,1,31,14:30,경북,경북,상주,외서,연봉,입,입산자 실화,,0.01
2014,1,31,12:35,공,2014,1,31,15:00,경북,경북,경주,양북,장항,기,성묘객 실화,,0.05
2014,1,29,14:10,수,2014,1,29,15:30,경북,경북,울진,죽변,화성,쓰,쓰레기 소각,,0.1
2014,1,29,12:30,화,2014,1,29,14:30,경북,경북,경주,양남,신서,쓰,쓰레기 소각,,0.3
2014,1,29,12:20,화,2014,1,29,12:50,경북,경북,성주,수륜,계정,입,입산자 실화,,0.05
2014,1,25,03:50,토,2014,1,25,05:15,경북,경북,안동,서후,자품,쓰,쓰레기 소각,,0.02
2014,1,23,14:43,목,2014,1,23,16:30,경북,경북,성주,금수,무학,입,입산자 실화 추정,,0.2
2014,1,21,15:55,화,2014,1,21,16:50,경북,경북,청도,청도,거연,기,성묘객 실화 추정,,0.1
2014,1,21,15:00,화,2014,1,21,16:00,경북,경북,경주,건천,화천,쓰,쓰레기 소각,,0.02
2014,1,21,14:41,화,2014,1,21,17:40,경북,경북,포항 북,기계,구지,담,담뱃불 실화 추정,,0.1
2014,1,18,18:55,토,2014,1,18,22:00,경북,경북,영주,안정,묵,쓰,집쓰레기 소각 부주의,,0.01
2014,1,15,15:00,수,2014,1,15,16:00,경북,경북,안동,길안,금곡,쓰,쓰레기 소각,,0.2
2014,1,15,13:20,수,2014,1,15,15:20,경북,경북,문경,산북,이곡,쓰,기타(직접입력),폐타이어소각,0.1
2014,1,14,12:15,화,2014,1,14,15:00,경북,경북,영주,평은,강동,기,산림연접지에서 농산폐기물 소각 부주의,,0.1
2014,1,9,15:57,목,2014,1,9,16:30,경북,경북,포항 남,장기,두원,기,논밭두렁 소각,,0.1
2014,1,4,13:18,토,2014,1,4,16:10,경북,경북,성주,초전,용봉,입,입산자 실화 추정,,0.2
2013,12,4,14:50,수,2013,12,4,16:50,경북,경북,영천,화산,당지,입,등산객실화,,0.15
2013,11,21,07:10,목,2013,11,21,08:40,경북,경북,포항,남,장기,기,기타(직접입력),미상,0.1
2013,11,20,05:53,수,2013,11,20,07:40,경북,경북,영덕,영덕,화천,입,기타(직접입력),입산자 실화추정,0.01
2013,11,19,04:43,화,2013,11,19,04:43,경북,경북,포항`,북,장성,입,기타(직접입력),등산객실화 추정,0.01
2013,11,5,14:25,화,2013,11,5,15:40,경북,경북,영천,화남,삼창,입,기타(직접입력),입산자실화 추정,0.1
2013,9,27,15:50,금,2013,9,27,18:30,경북,경북,김천,조마,강곡,쓰,쓰레기소각,,0.01
2013,8,17,21:24,토,2013,8,17,23:20,경북,경북,경주,외동,죽동,입,기타(직접입력),조사중,0.1
2013,8,17,13:06,토,2013,8,17,16:10,경북,경북,포항,북,장성,담,선택,조사중,0.1
2013,5,14,20:04,화,2013,5,14,22:00,경북,경북,영덕,축산,기암,입,입산자실화,,0.01
2013,5,14,15:31,화,2013,5,14,16:10,경북,경북,구미,구평,,입,산나물채취객실화,,0.01
2013,5,14,14:40,화,2013,5,14,16:10,경북,경북,경주,양북,용동,기,논밭두렁소각,,0.1
2013,5,13,15:28,월,2013,5,13,16:10,경북,경북,포항,남 오천,항사,입,입산자실화,,0.02
2013,5,9,15:10,목,2013,5,9,16:12,경북,경북,안동,임동,고천,기,농산폐기물소각,,0.1
2013,5,8,23:00,수,2013,5,9,08:55,남부,경북,영덕,남정,사암,입,기타(직접입력),,13.8
2013,5,8,18:46,수,2013,5,8,21:30,남부,경북,영덕,남정,사암,입,기타(직접입력),,0.3
2013,5,6,07:27,월,2013,5,6,08:25,경북,경북,포항 북,창포,,입,등산객실화,,0.09
2013,5,5,11:30,일,2013,5,5,15:40,경북,경북,고령,다산,월성,입,입산자실화,,0.3
2013,4,18,13:54,목,2013,4,18,14:45,경북,경북,칠곡,지천,덕산,입,압산지실화,,0.01
2013,4,16,13:48,화,2013,4,16,15:19,경북,경북,칠곡,동명,가천,기,성묘객실화,,0.8
2013,4,16,10:54,화,2013,4,16,12:05,경북,경북,경주,내남,명계,기,차량화재 비화,,0.03
2013,4,14,20:12,일,2013,4,14,22:30,경북,경북,청송,현서,두현,건,주택화재비화,,0.1
2013,4,13,16:00,토,2013,4,13,16:35,경북,경북,경주,외동,녹동,입,입산자실화,,0.09
2013,4,13,12:46,토,2013,4,13,13:30,경북,경북,울진,죽변,화성,쓰,쓰레기소각,,0.01
2013,4,13,10:03,토,2013,4,13,10:40,경북,경북,울진,기성,망양,쓰,쓰레기소각,,0.01
2013,4,10,15:00,수,2013,4,10,15:50,경북,경북,영덕,병곡,거무역,입,입산자실화,,0.01
2013,4,4,16:45,목,2013,4,4,18:00,경북,경북,문경,문경,고요,담,담뱃불실화,,0.01
2013,4,4,13:55,목,2013,4,4,15:20,경북,경북,영주,안정,옹암,기,논밭두렁소각,,0.3
2013,4,1,13:32,월,2013,4,1,14:30,경북,경북,청송,진보,시량,기,전봇대전기누전,,0.1
2013,3,30,11:19,토,2013,3,30,12:40,경북,경북,상주,공성,영오,입,입산자실화,,0.1
2013,3,26,13:45,화,2013,3,26,14:30,남부,경북,경산,용성,일광,기,작업장실화,,0.05
2013,3,25,13:15,월,2013,3,25,14:20,경북,경북,청도,금천,박곡,쓰,쓰레기소각,,0.3
2013,3,22,14:30,금,2013,3,22,16:10,경북,경북,상주,은척,하홀,입,등산객실화,,0.2
2013,3,10,20:00,일,2013,3,11,08:55,경북,경북,상주,청리,가천,기,무속인 실화추정,,1.0
2013,3,10,13:55,일,2013,3,10,16:15,경북,경북,청송,안덕,문거,담,,,1.0
2013,3,9,15:45,토,2013,3,10,07:00,경북,경북,포항,연일,우복,기,벌꿀소독,,3.0
2013,3,9,15:41,토,2013,3,10,10:10,경북,경북,봉화,재산,상,담,선택,,15.0
2013,3,9,15:38,토,2013,3,10,08:30,경북,경북,포항,북,용흥,기,어린이불장난,,79.0
2013,3,8,12:25,금,2013,3,8,13:50,경북,경북,영덕,강구,강구,입,입산자실화,,0.1
2013,3,6,17:10,수,2013,3,6,17:50,경북,경북,구미,장천,여남,입,입산자실화,,0.01
2013,3,5,16:40,화,2013,3,5,18:20,경북,경북,포항 남,동해,발산,기,농산폐기물소각,,0.8
2013,3,5,15:05,화,2013,3,5,16:20,경북,경북,구미,옥성,구봉,기,논밭두렁소각,,0.1
2013,3,5,14:10,화,2013,3,5,16:00,경북,경북,상주,중동,우물,쓰,쓰레기소각,,0.06
2013,2,23,13:18,토,2013,2,23,14:20,경북,경북,안동,북후,연곡,담,담뱃불실화,,0.02
2013,1,30,15:55,수,2013,1,30,17:10,경북,경북,영천,고경,칠전,담,담뱃불실화,,0.05
2013,1,28,13:30,월,2013,1,28,14:45,경북,경북,영양,영양,동부,건,건축물화재비화,,0.1
2012,11,19,18:10,월,2012,11,19,19:20,남부,경북,영덕,창수,신리,입,입산자실화,,0.01
2012,11,3,15:10,토,2012,11,3,17:00,경북,경북,구미,장천,오로,입,입산자실화,,0.1
2012,10,14,12:46,일,2012,10,14,17:32,남부,경북,봉화,춘양,우구치,입,약초채취자실화,,0.1
2012,10,1,15:10,월,2012,10,1,16:30,경북,경북,경산,남천,산전,입,등산객실화,,0.03
2012,6,6,10:30,공,2012,6,6,14:00,경북,경북,경주,감포,호동,기,성묘객실화,,0.1
2012,5,28,15:05,공,2012,5,28,17:00,경북,경북,안동,임동,사월,기,낙뢰,,0.01
2012,5,28,12:20,공,2012,5,28,13:15,경북,경북,예천,지보,마산,기,낙뢰,,0.05
2012,5,28,04:34,공,2012,5,29,09:00,남부,경북,울진,북,상당,기,낙뢰,,1.5
2012,5,27,18:00,일,2012,5,28,12:22,남부,경북,영양,석보,소계,기,낙뢰,,4.5
2012,5,27,17:53,일,2012,5,27,19:42,남부,경북,안동,풍천,어담,기,양봉작업,,0.1
2012,5,26,10:00,토,2012,5,26,13:30,남부,경북,울진,기성,방율,입,산나무채취객,,0.05
2012,5,12,11:45,토,2012,5,12,13:30,남부,경북,영양,영양,화천,입,산나물채취객실화,,0.1
2012,5,5,07:15,공,2012,5,5,12:05,남부,경북,영덕,창수,수,입,입산자실화,,0.1
2012,4,19,14:22,목,2012,4,19,17:00,경북,경북,안동,남후,광음,담,담뱃불실화,,0.1
2012,4,17,16:25,화,2012,4,17,18:10,경북,경북,영주,평은,용혈,기,농산페기물소각,,0.05
2012,4,17,15:50,화,2012,4,17,19:00,경북,경북,영주,문정,,기,농산페기물소각,,0.3
2012,4,15,12:10,일,2012,4,15,12:58,경북,경북,영천,고경,파계,입,입산자실화,,0.01
2012,4,8,14:36,일,2012,4,8,15:40,남부,경북,안동,도산,가송,기,등산로데크용접불씨,,0.01
2012,4,8,14:20,일,2012,4,8,17:00,경북,경북,칠곡,기산,영,담,담뱃불실화,,1.5
2012,4,7,15:10,토,2012,4,7,16:20,경북,경북,의성,구천,조성,쓰,쓰레기소각,,0.1
2012,4,7,14:18,토,2012,4,7,16:00,경북,경북,안동,풍천,신성,담,담뱃불실화,,0.2
2012,4,5,11:05,목,2012,4,5,13:00,경북,경북,영주,풍기,금계,담,담뱃불실화,,0.1
2012,1,9,12:15,월,2012,1,9,13:40,경북,경북,영덕,지품,오천,건,보일러과열,,0.1
